X,Y,OBJECTID,Province_State,Country_Region,Last_Update,Lat,Long_,Confirmed,Recovered,Deaths,Active,Admin2,FIPS,Combined_Key
67.709953,33.93911,1,,Afghanistan,2020/09/05 09:28:32+00,33.93911,67.709953,38324,30082,1409,6833,,,Afghanistan
20.1683,41.1533,2,,Albania,2020/09/05 09:28:32+00,41.1533,20.1683,9967,5882,306,3779,,,Albania
1.6596,28.0339,3,,Algeria,2020/09/05 09:28:32+00,28.0339,1.6596,45773,32259,1539,11975,,,Algeria
1.5218,42.5063,4,,Andorra,2020/09/05 09:28:32+00,42.5063,1.5218,1215,928,53,234,,,Andorra
17.8739,-11.2027,5,,Angola,2020/09/05 09:28:32+00,-11.2027,17.8739,2876,1167,115,1594,,,Angola
-61.7964,17.0608,6,,Antigua and Barbuda,2020/09/05 09:28:32+00,17.0608,-61.7964,95,91,3,1,,,Antigua and Barbuda
-63.6167,-38.4161,7,,Argentina,2020/09/05 09:28:32+00,-38.4161,-63.6167,461882,331621,9623,120638,,,Argentina
45.0382,40.0691,8,,Armenia,2020/09/05 09:28:32+00,40.0691,45.0382,44649,39823,895,3931,,,Armenia
149.0124,-35.4735,9,Australian Capital Territory,Australia,2020/09/05 09:28:32+00,-35.4735,149.0124,113,110,3,0,,,"Australian Capital Territory, Australia"
151.2093,-33.8688,10,New South Wales,Australia,2020/09/05 09:28:32+00,-33.8688,151.2093,4104,2994,52,1058,,,"New South Wales, Australia"
130.8456,-12.4634,11,Northern Territory,Australia,2020/09/05 09:28:32+00,-12.4634,130.8456,33,31,0,2,,,"Northern Territory, Australia"
153.0251,-27.4698,12,Queensland,Australia,2020/09/05 09:28:32+00,-27.4698,153.0251,1129,1089,6,34,,,"Queensland, Australia"
138.6007,-34.9285,13,South Australia,Australia,2020/09/05 09:28:32+00,-34.9285,138.6007,464,459,4,1,,,"South Australia, Australia"
147.3272,-42.8821,14,Tasmania,Australia,2020/09/05 09:28:32+00,-42.8821,147.3272,231,218,13,0,,,"Tasmania, Australia"
144.9631,-37.8136,15,Victoria,Australia,2020/09/05 09:28:32+00,-37.8136,144.9631,19479,16784,661,2034,,,"Victoria, Australia"
115.8605,-31.9505,16,Western Australia,Australia,2020/09/05 09:28:32+00,-31.9505,115.8605,655,644,9,2,,,"Western Australia, Australia"
14.5501,47.5162,17,,Austria,2020/09/05 09:28:32+00,47.5162,14.5501,29087,24828,735,3524,,,Austria
47.5769,40.1431,18,,Azerbaijan,2020/09/05 09:28:32+00,40.1431,47.5769,37031,34419,543,2069,,,Azerbaijan
-78.035889,25.025885,19,,Bahamas,2020/09/05 09:28:32+00,25.025885,-78.035889,2386,893,50,1443,,,Bahamas
50.55,26.0275,20,,Bahrain,2020/09/05 09:28:32+00,26.0275,50.55,54095,50323,195,3577,,,Bahrain
90.3563,23.685,21,,Bangladesh,2020/09/05 09:28:32+00,23.685,90.3563,321615,216191,4412,101012,,,Bangladesh
-59.5432,13.1939,22,,Barbados,2020/09/05 09:28:32+00,13.1939,-59.5432,178,153,7,18,,,Barbados
27.9534,53.7098,23,,Belarus,2020/09/05 09:28:32+00,53.7098,27.9534,72485,71510,701,274,,,Belarus
4.469936,50.8333,24,,Belgium,2020/09/05 09:28:32+00,50.8333,4.469936,87174,18534,9901,58739,,,Belgium
-88.4976,17.1899,25,,Belize,2020/09/05 09:28:32+00,17.1899,-88.4976,1152,271,15,866,,,Belize
2.3158,9.3077,26,,Benin,2020/09/05 09:28:32+00,9.3077,2.3158,2194,1738,40,416,,,Benin
90.4336,27.5142,27,,Bhutan,2020/09/05 09:28:32+00,27.5142,90.4336,228,150,0,78,,,Bhutan
-63.5887,-16.2902,28,,Bolivia,2020/09/05 09:28:32+00,-16.2902,-63.5887,119580,67844,5343,46393,,,Bolivia
17.6791,43.9159,29,,Bosnia and Herzegovina,2020/09/05 09:28:32+00,43.9159,17.6791,21142,14476,639,6027,,,Bosnia and Herzegovina
24.6849,-22.3285,30,,Botswana,2020/09/05 09:28:32+00,-22.3285,24.6849,2002,493,8,1501,,,Botswana
-70.812,-9.0238,31,Acre,Brazil,2020/09/05 09:28:32+00,-9.0238,-70.812,25249,19695,623,4931,,,"Acre, Brazil"
-36.782,-9.5713,32,Alagoas,Brazil,2020/09/05 09:28:32+00,-9.5713,-36.782,80103,75498,1917,2688,,,"Alagoas, Brazil"
-52.003,0.902,33,Amapa,Brazil,2020/09/05 09:28:32+00,0.902,-52.003,44454,32404,670,11380,,,"Amapa, Brazil"
-65.8561,-3.4168,34,Amazonas,Brazil,2020/09/05 09:28:32+00,-3.4168,-65.8561,123187,104526,3841,14820,,,"Amazonas, Brazil"
-41.7007,-12.5797,35,Bahia,Brazil,2020/09/05 09:28:32+00,-12.5797,-41.7007,268137,250309,5590,12238,,,"Bahia, Brazil"
-39.3206,-5.4984,36,Ceara,Brazil,2020/09/05 09:28:32+00,-5.4984,-39.3206,230105,194827,8555,26723,,,"Ceara, Brazil"
-47.8645,-15.7998,37,Distrito Federal,Brazil,2020/09/05 09:28:32+00,-15.7998,-47.8645,167200,152017,2681,12502,,,"Distrito Federal, Brazil"
-40.3089,-19.1834,38,Espirito Santo,Brazil,2020/09/05 09:28:32+00,-19.1834,-40.3089,114700,103782,3235,7683,,,"Espirito Santo, Brazil"
-49.8362,-15.827,39,Goias,Brazil,2020/09/05 09:28:32+00,-15.827,-49.8362,145250,135825,3400,6025,,,"Goias, Brazil"
-45.2744,-4.9609,40,Maranhao,Brazil,2020/09/05 09:28:32+00,-4.9609,-45.2744,157052,145305,3488,8259,,,"Maranhao, Brazil"
-56.9211,-12.6819,41,Mato Grosso,Brazil,2020/09/05 09:28:32+00,-12.6819,-56.9211,96980,78192,2873,15915,,,"Mato Grosso, Brazil"
-54.7852,-20.7722,42,Mato Grosso do Sul,Brazil,2020/09/05 09:28:32+00,-20.7722,-54.7852,52406,42865,939,8602,,,"Mato Grosso do Sul, Brazil"
-44.555,-18.5122,43,Minas Gerais,Brazil,2020/09/05 09:28:32+00,-18.5122,-44.555,228013,192246,5708,30059,,,"Minas Gerais, Brazil"
-54.9306,-1.9981,44,Para,Brazil,2020/09/05 09:28:32+00,-1.9981,-54.9306,205291,190437,6228,8626,,,"Para, Brazil"
-36.782,-7.24,45,Paraiba,Brazil,2020/09/05 09:28:32+00,-7.24,-36.782,108925,80327,2517,26081,,,"Paraiba, Brazil"
-52.0215,-25.2521,46,Parana,Brazil,2020/09/05 09:28:32+00,-25.2521,-52.0215,139780,95386,3505,40889,,,"Parana, Brazil"
-36.9541,-8.8137,47,Pernambuco,Brazil,2020/09/05 09:28:32+00,-8.8137,-36.9541,130199,113496,7619,9084,,,"Pernambuco, Brazil"
-42.7289,-7.7183,48,Piaui,Brazil,2020/09/05 09:28:32+00,-7.7183,-42.7289,80750,79159,1868,-277,,,"Piaui, Brazil"
-36.9541,-5.4026,49,Rio Grande do Norte,Brazil,2020/09/05 09:28:32+00,-5.4026,-36.9541,63289,37767,2281,23241,,,"Rio Grande do Norte, Brazil"
-51.2177,-30.0346,50,Rio Grande do Sul,Brazil,2020/09/05 09:28:32+00,-30.0346,-51.2177,137217,122709,3650,10858,,,"Rio Grande do Sul, Brazil"
-43.1729,-22.9068,51,Rio de Janeiro,Brazil,2020/09/05 09:28:32+00,-22.9068,-43.1729,232489,210128,16467,5894,,,"Rio de Janeiro, Brazil"
-63.5806,-11.5057,52,Rondonia,Brazil,2020/09/05 09:28:32+00,-11.5057,-63.5806,57352,46833,1172,9347,,,"Rondonia, Brazil"
-62.0751,-2.7376,53,Roraima,Brazil,2020/09/05 09:28:32+00,-2.7376,-62.0751,44665,11263,598,32804,,,"Roraima, Brazil"
-50.2189,-27.2423,54,Santa Catarina,Brazil,2020/09/05 09:28:32+00,-27.2423,-50.2189,186596,175385,2376,8835,,,"Santa Catarina, Brazil"
-46.6333,-23.5505,55,Sao Paulo,Brazil,2020/09/05 09:28:32+00,-23.5505,-46.6333,845016,671574,31091,142351,,,"Sao Paulo, Brazil"
-37.3857,-10.5741,56,Sergipe,Brazil,2020/09/05 09:28:32+00,-10.5741,-37.3857,73383,65965,1880,5538,,,"Sergipe, Brazil"
-48.2982,-10.1753,57,Tocantins,Brazil,2020/09/05 09:28:32+00,-10.1753,-48.2982,54013,36358,730,16925,,,"Tocantins, Brazil"
114.7277,4.5353,58,,Brunei,2020/09/05 09:28:32+00,4.5353,114.7277,145,139,3,3,,,Brunei
25.4858,42.7339,59,,Bulgaria,2020/09/05 09:28:32+00,42.7339,25.4858,16954,12046,665,4243,,,Bulgaria
-1.5616,12.2383,60,,Burkina Faso,2020/09/05 09:28:32+00,12.2383,-1.5616,1408,1098,55,255,,,Burkina Faso
95.956,21.9162,61,,Burma,2020/09/05 09:28:32+00,21.9162,95.956,1216,359,7,850,,,Burma
29.9189,-3.3731,62,,Burundi,2020/09/05 09:28:32+00,-3.3731,29.9189,451,357,1,93,,,Burundi
-23.0418,16.5388,63,,Cabo Verde,2020/09/05 09:28:32+00,16.5388,-23.0418,4200,3562,41,597,,,Cabo Verde
104.9167,11.55,64,,Cambodia,2020/09/05 09:28:32+00,11.55,104.9167,274,272,0,2,,,Cambodia
11.5021,3.848,65,,Cameroon,2020/09/05 09:28:32+00,3.848,11.5021,19604,18448,415,741,,,Cameroon
-116.5765,53.9333,66,Alberta,Canada,2020/09/05 09:28:32+00,53.9333,-116.5765,14474,12799,242,1433,,,"Alberta, Canada"
-127.6476,53.7267,67,British Columbia,Canada,2020/09/05 09:28:32+00,53.7267,-127.6476,6162,4706,211,1245,,,"British Columbia, Canada"
,,68,Diamond Princess,Canada,2020/09/05 09:28:32+00,,,0,0,1,0,,,"Diamond Princess, Canada"
,,69,Grand Princess,Canada,2020/09/05 09:28:32+00,,,13,13,0,0,,,"Grand Princess, Canada"
-98.8139,53.7609,70,Manitoba,Canada,2020/09/05 09:28:32+00,53.7609,-98.8139,1273,835,16,422,,,"Manitoba, Canada"
-66.4619,46.5653,71,New Brunswick,Canada,2020/09/05 09:28:32+00,46.5653,-66.4619,192,186,2,4,,,"New Brunswick, Canada"
-57.6604,53.1355,72,Newfoundland and Labrador,Canada,2020/09/05 09:28:32+00,53.1355,-57.6604,269,266,3,0,,,"Newfoundland and Labrador, Canada"
-124.8457,64.8255,73,Northwest Territories,Canada,2020/09/05 09:28:32+00,64.8255,-124.8457,5,5,0,0,,,"Northwest Territories, Canada"
-63.7443,44.682,74,Nova Scotia,Canada,2020/09/05 09:28:32+00,44.682,-63.7443,1085,1015,65,5,,,"Nova Scotia, Canada"
-85.3232,51.2538,75,Ontario,Canada,2020/09/05 09:28:32+00,51.2538,-85.3232,44852,40569,2859,1424,,,"Ontario, Canada"
-63.4168,46.5107,76,Prince Edward Island,Canada,2020/09/05 09:28:32+00,46.5107,-63.4168,46,44,0,2,,,"Prince Edward Island, Canada"
-73.5491,52.9399,77,Quebec,Canada,2020/09/05 09:28:32+00,52.9399,-73.5491,63117,55724,5767,1626,,,"Quebec, Canada"
-106.4509,52.9399,78,Saskatchewan,Canada,2020/09/05 09:28:32+00,52.9399,-106.4509,1638,1578,24,36,,,"Saskatchewan, Canada"
-135.0,64.2823,79,Yukon,Canada,2020/09/05 09:28:32+00,64.2823,-135,15,15,0,0,,,"Yukon, Canada"
20.9394,6.6111,80,,Central African Republic,2020/09/05 09:28:32+00,6.6111,20.9394,4729,1818,62,2849,,,Central African Republic
18.7322,15.4542,81,,Chad,2020/09/05 09:28:32+00,15.4542,18.7322,1023,914,77,32,,,Chad
-70.3975,-23.6509,82,Antofagasta,Chile,2020/09/05 09:28:32+00,-23.6509,-70.3975,18415,17224,450,741,,,"Antofagasta, Chile"
-72.3311,-38.9489,83,Araucania,Chile,2020/09/05 09:28:32+00,-38.9489,-72.3311,5349,4926,96,327,,,"Araucania, Chile"
-69.4785,-18.594,84,Arica y Parinacota,Chile,2020/09/05 09:28:32+00,-18.594,-69.4785,6862,6238,114,510,,,"Arica y Parinacota, Chile"
-70.0503,-27.5661,85,Atacama,Chile,2020/09/05 09:28:32+00,-27.5661,-70.0503,5843,5377,50,416,,,"Atacama, Chile"
-73.7669,-45.9864,86,Aysen,Chile,2020/09/05 09:28:32+00,-45.9864,-73.7669,124,105,1,18,,,"Aysen, Chile"
-72.1416,-37.4464,87,Biobio,Chile,2020/09/05 09:28:32+00,-37.4464,-72.1416,18335,15790,229,2316,,,"Biobio, Chile"
-71.3389,-29.959,88,Coquimbo,Chile,2020/09/05 09:28:32+00,-29.959,-71.3389,10303,9338,149,816,,,"Coquimbo, Chile"
-72.1416,-41.9198,89,Los Lagos,Chile,2020/09/05 09:28:32+00,-41.9198,-72.1416,6861,6172,72,617,,,"Los Lagos, Chile"
-72.3311,-40.231,90,Los Rios,Chile,2020/09/05 09:28:32+00,-40.231,-72.3311,1166,1056,15,95,,,"Los Rios, Chile"
-70.9863,-52.368,91,Magallanes,Chile,2020/09/05 09:28:32+00,-52.368,-70.9863,4000,2920,44,1036,,,"Magallanes, Chile"
-71.6885,-35.5183,92,Maule,Chile,2020/09/05 09:28:32+00,-35.5183,-71.6885,12179,10992,270,917,,,"Maule, Chile"
-70.6505,-33.4376,93,Metropolitana,Chile,2020/09/05 09:28:32+00,-33.4376,-70.6505,275710,262458,8638,4614,,,"Metropolitana, Chile"
-71.7622,-36.7226,94,Nuble,Chile,2020/09/05 09:28:32+00,-36.7226,-71.7622,4976,4316,83,577,,,"Nuble, Chile"
-71.0022,-34.5755,95,OHiggins,Chile,2020/09/05 09:28:32+00,-34.5755,-71.0022,13797,12638,347,812,,,"OHiggins, Chile"
-69.5132,-19.9232,96,Tarapaca,Chile,2020/09/05 09:28:32+00,-19.9232,-69.5132,10832,10234,207,391,,,"Tarapaca, Chile"
,,97,Unknown,Chile,2020/09/05 09:28:32+00,,,55,54,1,0,,,"Unknown, Chile"
-71.6127,-33.0472,98,Valparaiso,Chile,2020/09/05 09:28:32+00,-33.0472,-71.6127,23662,21410,728,1524,,,"Valparaiso, Chile"
117.2264,31.8257,99,Anhui,China,2020/09/05 09:28:32+00,31.8257,117.2264,991,985,6,0,,,"Anhui, China"
116.4142,40.1824,100,Beijing,China,2020/09/05 09:28:32+00,40.1824,116.4142,935,926,9,0,,,"Beijing, China"
107.874,30.0572,101,Chongqing,China,2020/09/05 09:28:32+00,30.0572,107.874,583,577,6,0,,,"Chongqing, China"
117.9874,26.0789,102,Fujian,China,2020/09/05 09:28:32+00,26.0789,117.9874,385,370,1,14,,,"Fujian, China"
104.2861,35.7518,103,Gansu,China,2020/09/05 09:28:32+00,35.7518,104.2861,169,167,2,0,,,"Gansu, China"
113.4244,23.3417,104,Guangdong,China,2020/09/05 09:28:32+00,23.3417,113.4244,1760,1723,8,29,,,"Guangdong, China"
108.7881,23.8298,105,Guangxi,China,2020/09/05 09:28:32+00,23.8298,108.7881,257,253,2,2,,,"Guangxi, China"
106.8748,26.8154,106,Guizhou,China,2020/09/05 09:28:32+00,26.8154,106.8748,147,145,2,0,,,"Guizhou, China"
109.7453,19.1959,107,Hainan,China,2020/09/05 09:28:32+00,19.1959,109.7453,171,165,6,0,,,"Hainan, China"
114.9042,37.8957,108,Hebei,China,2020/09/05 09:28:32+00,37.8957,114.9042,365,354,6,5,,,"Hebei, China"
127.7615,47.862,109,Heilongjiang,China,2020/09/05 09:28:32+00,47.862,127.7615,948,935,13,0,,,"Heilongjiang, China"
113.614,33.882,110,Henan,China,2020/09/05 09:28:32+00,33.882,113.614,1276,1254,22,0,,,"Henan, China"
114.2,22.3,111,Hong Kong,China,2020/09/05 09:28:32+00,22.3,114.2,4850,4456,94,300,,,"Hong Kong, China"
112.2707,30.9756,112,Hubei,China,2020/09/05 09:28:32+00,30.9756,112.2707,68139,63627,4512,0,,,"Hubei, China"
111.7088,27.6104,113,Hunan,China,2020/09/05 09:28:32+00,27.6104,111.7088,1019,1015,4,0,,,"Hunan, China"
113.9448,44.0935,114,Inner Mongolia,China,2020/09/05 09:28:32+00,44.0935,113.9448,261,259,1,1,,,"Inner Mongolia, China"
119.455,32.9711,115,Jiangsu,China,2020/09/05 09:28:32+00,32.9711,119.455,665,661,0,4,,,"Jiangsu, China"
115.7221,27.614,116,Jiangxi,China,2020/09/05 09:28:32+00,27.614,115.7221,935,934,1,0,,,"Jiangxi, China"
126.1923,43.6661,117,Jilin,China,2020/09/05 09:28:32+00,43.6661,126.1923,157,155,2,0,,,"Jilin, China"
122.6085,41.2956,118,Liaoning,China,2020/09/05 09:28:32+00,41.2956,122.6085,263,259,2,2,,,"Liaoning, China"
113.55,22.1667,119,Macau,China,2020/09/05 09:28:32+00,22.1667,113.55,46,46,0,0,,,"Macau, China"
106.1655,37.2692,120,Ningxia,China,2020/09/05 09:28:32+00,37.2692,106.1655,75,75,0,0,,,"Ningxia, China"
95.9956,35.7452,121,Qinghai,China,2020/09/05 09:28:32+00,35.7452,95.9956,18,18,0,0,,,"Qinghai, China"
108.8701,35.1917,122,Shaanxi,China,2020/09/05 09:28:32+00,35.1917,108.8701,374,360,3,11,,,"Shaanxi, China"
118.1498,36.3427,123,Shandong,China,2020/09/05 09:28:32+00,36.3427,118.1498,831,809,7,15,,,"Shandong, China"
121.4491,31.202,124,Shanghai,China,2020/09/05 09:28:32+00,31.202,121.4491,916,866,7,43,,,"Shanghai, China"
112.2922,37.5777,125,Shanxi,China,2020/09/05 09:28:32+00,37.5777,112.2922,203,201,0,2,,,"Shanxi, China"
102.7103,30.6171,126,Sichuan,China,2020/09/05 09:28:32+00,30.6171,102.7103,656,634,3,19,,,"Sichuan, China"
117.323,39.3054,127,Tianjin,China,2020/09/05 09:28:32+00,39.3054,117.323,231,214,3,14,,,"Tianjin, China"
88.0924,31.6927,128,Tibet,China,2020/09/05 09:28:32+00,31.6927,88.0924,1,1,0,0,,,"Tibet, China"
85.2401,41.1129,129,Xinjiang,China,2020/09/05 09:28:32+00,41.1129,85.2401,902,885,3,14,,,"Xinjiang, China"
101.487,24.974,130,Yunnan,China,2020/09/05 09:28:32+00,24.974,101.487,201,191,2,8,,,"Yunnan, China"
120.0934,29.1832,131,Zhejiang,China,2020/09/05 09:28:32+00,29.1832,120.0934,1278,1268,1,9,,,"Zhejiang, China"
-71.5724,-1.4429,132,Amazonas,Colombia,2020/09/05 09:28:32+00,-1.4429,-71.5724,2708,2572,111,25,,,"Amazonas, Colombia"
-75.3412,7.1986,133,Antioquia,Colombia,2020/09/05 09:28:32+00,7.1986,-75.3412,86426,67885,1831,16710,,,"Antioquia, Colombia"
-70.7105,7.0762,134,Arauca,Colombia,2020/09/05 09:28:32+00,7.0762,-70.7105,1056,766,19,271,,,"Arauca, Colombia"
-74.8741,10.6966,135,Atlantico,Colombia,2020/09/05 09:28:32+00,10.6966,-74.8741,64847,59079,2930,2838,,,"Atlantico, Colombia"
-74.03,8.6704,136,Bolivar,Colombia,2020/09/05 09:28:32+00,8.6704,-74.03,25723,23071,723,1929,,,"Bolivar, Colombia"
-73.362,5.4545,137,Boyaca,Colombia,2020/09/05 09:28:32+00,5.4545,-73.362,4269,2750,87,1432,,,"Boyaca, Colombia"
-75.2479,5.2983,138,Caldas,Colombia,2020/09/05 09:28:32+00,5.2983,-75.2479,3242,2016,70,1156,,,"Caldas, Colombia"
-74.0721,4.711,139,Capital District,Colombia,2020/09/05 09:28:32+00,4.711,-74.0721,221738,161768,5712,54258,,,"Capital District, Colombia"
-73.8419,0.8699,140,Caqueta,Colombia,2020/09/05 09:28:32+00,0.8699,-73.8419,6521,4930,215,1376,,,"Caqueta, Colombia"
-71.5724,5.7589,141,Casanare,Colombia,2020/09/05 09:28:32+00,5.7589,-71.5724,1177,813,26,338,,,"Casanare, Colombia"
-76.826,2.705,142,Cauca,Colombia,2020/09/05 09:28:32+00,2.705,-76.826,5900,3898,176,1826,,,"Cauca, Colombia"
-73.6536,9.3373,143,Cesar,Colombia,2020/09/05 09:28:32+00,9.3373,-73.6536,12228,7580,345,4303,,,"Cesar, Colombia"
-76.826,5.2528,144,Choco,Colombia,2020/09/05 09:28:32+00,5.2528,-76.826,3767,3379,139,249,,,"Choco, Colombia"
-75.574,8.0493,145,Cordoba,Colombia,2020/09/05 09:28:32+00,8.0493,-75.574,20568,16014,1375,3179,,,"Cordoba, Colombia"
-74.03,5.026,146,Cundinamarca,Colombia,2020/09/05 09:28:32+00,5.026,-74.03,25144,18926,729,5489,,,"Cundinamarca, Colombia"
-68.5247,2.5854,147,Guainia,Colombia,2020/09/05 09:28:32+00,2.5854,-68.5247,165,49,6,110,,,"Guainia, Colombia"
-73.2603,1.0654,148,Guaviare,Colombia,2020/09/05 09:28:32+00,1.0654,-73.2603,328,241,4,83,,,"Guaviare, Colombia"
-75.5277,2.5359,149,Huila,Colombia,2020/09/05 09:28:32+00,2.5359,-75.5277,5918,3915,172,1831,,,"Huila, Colombia"
-72.5205,11.3548,150,La Guajira,Colombia,2020/09/05 09:28:32+00,11.3548,-72.5205,5673,4091,247,1335,,,"La Guajira, Colombia"
-74.4057,10.4113,151,Magdalena,Colombia,2020/09/05 09:28:32+00,10.4113,-74.4057,12952,10301,710,1941,,,"Magdalena, Colombia"
-73.0877,3.272,152,Meta,Colombia,2020/09/05 09:28:32+00,3.272,-73.0877,10208,7481,250,2477,,,"Meta, Colombia"
-77.3579,1.2892,153,Narino,Colombia,2020/09/05 09:28:32+00,1.2892,-77.3579,14817,11755,554,2508,,,"Narino, Colombia"
-72.8988,7.9463,154,Norte de Santander,Colombia,2020/09/05 09:28:32+00,7.9463,-72.8988,12380,8918,692,2770,,,"Norte de Santander, Colombia"
-75.5277,0.436,155,Putumayo,Colombia,2020/09/05 09:28:32+00,0.436,-75.5277,3085,2316,141,628,,,"Putumayo, Colombia"
-75.6674,4.461,156,Quindio,Colombia,2020/09/05 09:28:32+00,4.461,-75.6674,1510,874,45,591,,,"Quindio, Colombia"
-75.9928,5.3158,157,Risaralda,Colombia,2020/09/05 09:28:32+00,5.3158,-75.9928,6955,4545,128,2282,,,"Risaralda, Colombia"
-81.7185,12.5567,158,San Andres y Providencia,Colombia,2020/09/05 09:28:32+00,12.5567,-81.7185,281,135,4,142,,,"San Andres y Providencia, Colombia"
-73.6536,6.6437,159,Santander,Colombia,2020/09/05 09:28:32+00,6.6437,-73.6536,20822,13375,865,6582,,,"Santander, Colombia"
-74.7233,8.814,160,Sucre,Colombia,2020/09/05 09:28:32+00,8.814,-74.7233,12181,9964,521,1696,,,"Sucre, Colombia"
-75.1545,4.0925,161,Tolima,Colombia,2020/09/05 09:28:32+00,4.0925,-75.1545,7969,5399,204,2366,,,"Tolima, Colombia"
-76.6413,3.8009,162,Valle del Cauca,Colombia,2020/09/05 09:28:32+00,3.8009,-76.6413,48990,39142,1851,7997,,,"Valle del Cauca, Colombia"
-70.812,0.8554,163,Vaupes,Colombia,2020/09/05 09:28:32+00,0.8554,-70.812,386,192,1,193,,,"Vaupes, Colombia"
-69.2878,4.4234,164,Vichada,Colombia,2020/09/05 09:28:32+00,4.4234,-69.2878,121,25,3,39,,,"Vichada, Colombia"
43.3333,-11.6455,165,,Comoros,2020/09/05 09:28:32+00,-11.6455,43.3333,448,410,7,31,,,Comoros
15.8277,-0.228,166,,Congo (Brazzaville),2020/09/05 09:28:32+00,-0.228,15.8277,4628,1742,102,2784,,,Congo (Brazzaville)
21.7587,-4.0383,167,,Congo (Kinshasa),2020/09/05 09:28:32+00,-4.0383,21.7587,10149,9367,259,523,,,Congo (Kinshasa)
-83.7534,9.7489,168,,Costa Rica,2020/09/05 09:28:32+00,9.7489,-83.7534,45680,18053,469,27158,,,Costa Rica
-5.5471,7.54,169,,Cote d'Ivoire,2020/09/05 09:28:32+00,7.54,-5.5471,18269,17162,119,988,,,Cote d'Ivoire
15.2,45.1,170,,Croatia,2020/09/05 09:28:32+00,45.1,15.2,11739,8771,197,2771,,,Croatia
-77.781167,21.521757,171,,Cuba,2020/09/05 09:28:32+00,21.521757,-77.781167,4266,3487,100,679,,,Cuba
33.4299,35.1264,172,,Cyprus,2020/09/05 09:28:32+00,35.1264,33.4299,1502,1139,21,342,,,Cyprus
15.473,49.8175,173,,Czechia,2020/09/05 09:28:32+00,49.8175,15.473,27249,19027,429,7793,,,Czechia
9.5018,56.2639,174,,Denmark,2020/09/05 09:28:32+00,56.2639,9.5018,17547,15586,627,1334,,,Denmark
-6.9118,61.8926,175,Faroe Islands,Denmark,2020/09/05 09:28:32+00,61.8926,-6.9118,413,379,0,34,,,"Faroe Islands, Denmark"
-42.6043,71.7069,176,Greenland,Denmark,2020/09/05 09:28:32+00,71.7069,-42.6043,14,14,0,0,,,"Greenland, Denmark"
,,177,,Diamond Princess,2020/09/05 09:28:32+00,,,712,651,13,48,,,Diamond Princess
42.5903,11.8251,178,,Djibouti,2020/09/05 09:28:32+00,11.8251,42.5903,5387,5327,60,0,,,Djibouti
-61.371,15.415,179,,Dominica,2020/09/05 09:28:32+00,15.415,-61.371,20,18,0,2,,,Dominica
-70.1627,18.7357,180,,Dominican Republic,2020/09/05 09:28:32+00,18.7357,-70.1627,96629,70871,1801,23957,,,Dominican Republic
-78.1834,-1.8312,181,,Ecuador,2020/09/05 09:28:32+00,-1.8312,-78.1834,117175,102200,6674,8301,,,Ecuador
30.802498,26.820553,182,,Egypt,2020/09/05 09:28:32+00,26.820553,30.802498,99582,76305,5495,17782,,,Egypt
-88.8965,13.7942,183,,El Salvador,2020/09/05 09:28:32+00,13.7942,-88.8965,26206,15587,752,9867,,,El Salvador
10.2679,1.6508,184,,Equatorial Guinea,2020/09/05 09:28:32+00,1.6508,10.2679,4972,4413,83,476,,,Equatorial Guinea
39.7823,15.1794,185,,Eritrea,2020/09/05 09:28:32+00,15.1794,39.7823,330,295,0,35,,,Eritrea
25.0136,58.5953,186,,Estonia,2020/09/05 09:28:32+00,58.5953,25.0136,2491,2165,64,262,,,Estonia
31.4659,-26.5225,187,,Eswatini,2020/09/05 09:28:32+00,-26.5225,31.4659,4780,3844,94,842,,,Eswatini
40.4897,9.145,188,,Ethiopia,2020/09/05 09:28:32+00,9.145,40.4897,56516,20612,880,35024,,,Ethiopia
178.065,-17.7134,189,,Fiji,2020/09/05 09:28:32+00,-17.7134,178.065,29,23,2,4,,,Fiji
25.748151,61.92411,190,,Finland,2020/09/05 09:28:32+00,61.92411,25.748151,8261,7350,336,575,,,Finland
2.2137,46.2276,191,,France,2020/09/05 09:28:32+00,46.2276,2.2137,329512,74377,30576,224559,,,France
-53.0,4.0,192,French Guiana,France,2020/09/05 09:28:32+00,4,-53,9276,8792,62,422,,,"French Guiana, France"
-149.4068,-17.6797,193,French Polynesia,France,2020/09/05 09:28:32+00,-17.6797,-149.4068,694,360,0,334,,,"French Polynesia, France"
-61.551,16.265,194,Guadeloupe,France,2020/09/05 09:28:32+00,16.265,-61.551,1363,336,18,1009,,,"Guadeloupe, France"
-61.0242,14.6415,195,Martinique,France,2020/09/05 09:28:32+00,14.6415,-61.0242,758,98,18,642,,,"Martinique, France"
45.166244,-12.8275,196,Mayotte,France,2020/09/05 09:28:32+00,-12.8275,45.166244,3374,2964,40,370,,,"Mayotte, France"
165.618042,-20.904305,197,New Caledonia,France,2020/09/05 09:28:32+00,-20.904305,165.618042,26,23,0,3,,,"New Caledonia, France"
55.5364,-21.1151,198,Reunion,France,2020/09/05 09:28:32+00,-21.1151,55.5364,2002,880,10,1112,,,"Reunion, France"
-62.8333,17.9,199,Saint Barthelemy,France,2020/09/05 09:28:32+00,17.9,-62.8333,18,13,0,5,,,"Saint Barthelemy, France"
-56.3159,46.8852,200,Saint Pierre and Miquelon,France,2020/09/05 09:28:32+00,46.8852,-56.3159,5,5,0,0,,,"Saint Pierre and Miquelon, France"
-63.0501,18.0708,201,St Martin,France,2020/09/05 09:28:32+00,18.0708,-63.0501,239,79,6,154,,,"St Martin, France"
11.6094,-0.8037,202,,Gabon,2020/09/05 09:28:32+00,-0.8037,11.6094,8601,7424,53,1124,,,Gabon
-15.3101,13.4432,203,,Gambia,2020/09/05 09:28:32+00,13.4432,-15.3101,3120,1295,99,1726,,,Gambia
43.3569,42.3154,204,,Georgia,2020/09/05 09:28:32+00,42.3154,43.3569,1621,1302,19,300,,,Georgia
9.3501,48.6616,205,Baden-Wurttemberg,Germany,2020/09/05 09:28:32+00,48.6616,9.3501,43259,38094,1865,3300,,,"Baden-Wurttemberg, Germany"
11.4979,48.7904,206,Bayern,Germany,2020/09/05 09:28:32+00,48.7904,11.4979,58692,52313,2641,3738,,,"Bayern, Germany"
13.405,52.52,207,Berlin,Germany,2020/09/05 09:28:32+00,52.52,13.405,11623,10574,226,823,,,"Berlin, Germany"
12.5316,52.4125,208,Brandenburg,Germany,2020/09/05 09:28:32+00,52.4125,12.5316,3935,3659,173,103,,,"Brandenburg, Germany"
8.8017,53.0793,209,Bremen,Germany,2020/09/05 09:28:32+00,53.0793,8.8017,2059,1851,58,150,,,"Bremen, Germany"
9.9937,53.5511,210,Hamburg,Germany,2020/09/05 09:28:32+00,53.5511,9.9937,6451,5698,267,486,,,"Hamburg, Germany"
9.1624,50.6521,211,Hessen,Germany,2020/09/05 09:28:32+00,50.6521,9.1624,15978,14118,535,1325,,,"Hessen, Germany"
12.4296,53.6127,212,Mecklenburg-Vorpommern,Germany,2020/09/05 09:28:32+00,53.6127,12.4296,1023,971,20,32,,,"Mecklenburg-Vorpommern, Germany"
9.8451,52.6367,213,Niedersachsen,Germany,2020/09/05 09:28:32+00,52.6367,9.8451,17210,15329,665,1216,,,"Niedersachsen, Germany"
7.6616,51.4332,214,Nordrhein-Westfalen,Germany,2020/09/05 09:28:32+00,51.4332,7.6616,60085,54921,1823,3341,,,"Nordrhein-Westfalen, Germany"
7.309,50.1183,215,Rheinland-Pfalz,Germany,2020/09/05 09:28:32+00,50.1183,7.309,9305,8328,243,734,,,"Rheinland-Pfalz, Germany"
7.023,49.3964,216,Saarland,Germany,2020/09/05 09:28:32+00,49.3964,7.023,3189,2906,175,108,,,"Saarland, Germany"
13.2017,51.1045,217,Sachsen,Germany,2020/09/05 09:28:32+00,51.1045,13.2017,6138,5553,225,360,,,"Sachsen, Germany"
11.6923,51.9503,218,Sachsen-Anhalt,Germany,2020/09/05 09:28:32+00,51.9503,11.6923,2277,2098,66,113,,,"Sachsen-Anhalt, Germany"
9.6961,54.2194,219,Schleswig-Holstein,Germany,2020/09/05 09:28:32+00,54.2194,9.6961,4115,3753,161,201,,,"Schleswig-Holstein, Germany"
10.8453,51.011,220,Thuringen,Germany,2020/09/05 09:28:32+00,51.011,10.8453,3676,3368,186,122,,,"Thuringen, Germany"
,,221,Unknown,Germany,2020/09/05 09:28:32+00,,,1268,0,0,1268,,,"Unknown, Germany"
-1.0232,7.9465,222,,Ghana,2020/09/05 09:28:32+00,7.9465,-1.0232,44777,43693,283,801,,,Ghana
21.8243,39.0742,223,,Greece,2020/09/05 09:28:32+00,39.0742,21.8243,11200,1347,279,9574,,,Greece
-61.679,12.1165,224,,Grenada,2020/09/05 09:28:32+00,12.1165,-61.679,24,24,0,0,,,Grenada
-90.2308,15.7835,225,,Guatemala,2020/09/05 09:28:32+00,15.7835,-90.2308,77040,65029,2825,9186,,,Guatemala
-9.6966,9.9456,226,,Guinea,2020/09/05 09:28:32+00,9.9456,-9.6966,9649,8832,61,756,,,Guinea
-15.1804,11.8037,227,,Guinea-Bissau,2020/09/05 09:28:32+00,11.8037,-15.1804,2245,1127,38,1080,,,Guinea-Bissau
-58.93018,4.860416,228,,Guyana,2020/09/05 09:28:32+00,4.860416,-58.93018,1401,805,44,552,,,Guyana
-72.2852,18.9712,229,,Haiti,2020/09/05 09:28:32+00,18.9712,-72.2852,8326,5870,212,2244,,,Haiti
12.4534,41.9029,230,,Holy See,2020/09/05 09:28:32+00,41.9029,12.4534,12,12,0,0,,,Holy See
-86.2419,15.2,231,,Honduras,2020/09/05 09:28:32+00,15.2,-86.2419,63798,12347,1984,49467,,,Honduras
19.5033,47.1625,232,,Hungary,2020/09/05 09:28:32+00,47.1625,19.5033,7892,3952,624,3316,,,Hungary
-19.0208,64.9631,233,,Iceland,2020/09/05 09:28:32+00,64.9631,-19.0208,2135,2029,10,96,,,Iceland
92.968178,11.225999,234,Andaman and Nicobar Islands,India,2020/09/05 09:28:32+00,11.225999,92.968178,3257,2863,49,345,,,"Andaman and Nicobar Islands, India"
79.74,15.9129,235,Andhra Pradesh,India,2020/09/05 09:28:32+00,15.9129,79.74,476506,370163,4276,102067,,,"Andhra Pradesh, India"
96.384277,27.768456,236,Arunachal Pradesh,India,2020/09/05 09:28:32+00,27.768456,96.384277,4775,3280,7,1488,,,"Arunachal Pradesh, India"
92.830441,26.357149,237,Assam,India,2020/09/05 09:28:32+00,26.357149,92.830441,121224,92720,345,28159,,,"Assam, India"
85.60484,25.679658,238,Bihar,India,2020/09/05 09:28:32+00,25.679658,85.60484,144104,126371,701,17032,,,"Bihar, India"
76.768278,30.733839,239,Chandigarh,India,2020/09/05 09:28:32+00,30.733839,76.768278,5268,3105,68,2095,,,"Chandigarh, India"
82.035366,21.264705,240,Chhattisgarh,India,2020/09/05 09:28:32+00,21.264705,82.035366,40634,19625,337,20672,,,"Chhattisgarh, India"
73.080901,20.194742,241,Dadra and Nagar Haveli and Daman and Diu,India,2020/09/05 09:28:32+00,20.194742,73.080901,2467,2180,2,285,,,"Dadra and Nagar Haveli and Daman and Diu, India"
77.10898,28.646519,242,Delhi,India,2020/09/05 09:28:32+00,28.646519,77.10898,185220,161865,4513,18842,,,"Delhi, India"
74.057396,15.359682,243,Goa,India,2020/09/05 09:28:32+00,15.359682,74.057396,19863,14747,220,4896,,,"Goa, India"
71.590923,22.694884,244,Gujarat,India,2020/09/05 09:28:32+00,22.694884,71.590923,101533,82273,3076,16184,,,"Gujarat, India"
76.332824,29.20004,245,Haryana,India,2020/09/05 09:28:32+00,29.20004,76.332824,71983,57171,759,14053,,,"Haryana, India"
77.233081,31.927213,246,Himachal Pradesh,India,2020/09/05 09:28:32+00,31.927213,77.233081,6830,4965,50,1815,,,"Himachal Pradesh, India"
76.612638,33.75943,247,Jammu and Kashmir,India,2020/09/05 09:28:32+00,33.75943,76.612638,40990,31435,755,8800,,,"Jammu and Kashmir, India"
85.557631,23.654536,248,Jharkhand,India,2020/09/05 09:28:32+00,23.654536,85.557631,48039,32043,447,15549,,,"Jharkhand, India"
76.166436,14.70518,249,Karnataka,India,2020/09/05 09:28:32+00,14.70518,76.166436,379486,274196,6170,99120,,,"Karnataka, India"
76.405749,10.450898,250,Kerala,India,2020/09/05 09:28:32+00,10.450898,76.405749,82104,60444,326,21334,,,"Kerala, India"
77.5771,34.1526,251,Ladakh,India,2020/09/05 09:28:32+00,34.1526,77.5771,2935,2085,35,815,,,"Ladakh, India"
72.1833326,13.6999972,252,Lakshadweep,India,2020/09/05 09:28:32+00,13.6999972,72.1833326,0,0,0,0,,,"Lakshadweep, India"
78.289633,23.541513,253,Madhya Pradesh,India,2020/09/05 09:28:32+00,23.541513,78.289633,70244,53257,1513,15474,,,"Madhya Pradesh, India"
76.108221,19.449759,254,Maharashtra,India,2020/09/05 09:28:32+00,19.449759,76.108221,863062,625773,25964,211325,,,"Maharashtra, India"
93.882541,24.738975,255,Manipur,India,2020/09/05 09:28:32+00,24.738975,93.882541,6699,4899,35,1765,,,"Manipur, India"
91.278882,25.536934,256,Meghalaya,India,2020/09/05 09:28:32+00,25.536934,91.278882,2734,1468,14,1252,,,"Meghalaya, India"
92.83822,23.309381,257,Mizoram,India,2020/09/05 09:28:32+00,23.309381,92.83822,1046,683,0,363,,,"Mizoram, India"
94.470302,26.06702,258,Nagaland,India,2020/09/05 09:28:32+00,26.06702,94.470302,4107,3361,10,736,,,"Nagaland, India"
84.418059,20.505428,259,Odisha,India,2020/09/05 09:28:32+00,20.505428,84.418059,116678,90331,531,25816,,,"Odisha, India"
78.86498,11.882658,260,Puducherry,India,2020/09/05 09:28:32+00,11.882658,78.86498,16164,10674,280,5210,,,"Puducherry, India"
75.40879,30.841465,261,Punjab,India,2020/09/05 09:28:32+00,30.841465,75.40879,60013,42543,1739,15731,,,"Punjab, India"
73.847973,26.583423,262,Rajasthan,India,2020/09/05 09:28:32+00,26.583423,73.847973,87797,71899,1108,14790,,,"Rajasthan, India"
88.472712,27.571671,263,Sikkim,India,2020/09/05 09:28:32+00,27.571671,88.472712,1843,1329,5,509,,,"Sikkim, India"
78.400624,11.006091,264,Tamil Nadu,India,2020/09/05 09:28:32+00,11.006091,78.400624,451827,392507,7687,51633,,,"Tamil Nadu, India"
79.0193,18.1124,265,Telangana,India,2020/09/05 09:28:32+00,18.1124,79.0193,138395,104603,877,32915,,,"Telangana, India"
91.743565,23.746783,266,Tripura,India,2020/09/05 09:28:32+00,23.746783,91.743565,14507,8483,136,5888,,,"Tripura, India"
,,267,Unknown,India,2020/09/05 09:28:32+00,,,0,0,0,0,,,"Unknown, India"
80.560982,26.925425,268,Uttar Pradesh,India,2020/09/05 09:28:32+00,26.925425,80.560982,253175,190818,3762,58595,,,"Uttar Pradesh, India"
79.197608,30.156447,269,Uttarakhand,India,2020/09/05 09:28:32+00,30.156447,79.197608,23011,15511,312,7188,,,"Uttarakhand, India"
87.979803,23.814082,270,West Bengal,India,2020/09/05 09:28:32+00,23.814082,87.979803,174659,147553,3452,23654,,,"West Bengal, India"
113.9213,-0.7893,271,,Indonesia,2020/09/05 09:28:32+00,-0.7893,113.9213,190665,136401,7940,46324,,,Indonesia
53.688046,32.427908,272,,Iran,2020/09/05 09:28:32+00,32.427908,53.688046,382772,330308,22044,30420,,,Iran
43.679291,33.223191,273,,Iraq,2020/09/05 09:28:32+00,33.223191,43.679291,252075,191368,7359,53348,,,Iraq
-7.6921,53.1424,274,,Ireland,2020/09/05 09:28:32+00,53.1424,-7.6921,29303,23364,1777,4162,,,Ireland
34.851612,31.046051,275,,Israel,2020/09/05 09:28:32+00,31.046051,34.851612,126419,100357,993,25069,,,Israel
13.3984382300001,42.35122196,276,Abruzzo,Italy,2020/09/05 09:28:32+00,42.35122196,13.39843823,3853,2910,472,471,,,"Abruzzo, Italy"
15.8051483400001,40.63947052,277,Basilicata,Italy,2020/09/05 09:28:32+00,40.63947052,15.80514834,548,412,28,108,,,"Basilicata, Italy"
16.5944019400001,38.9059759800001,278,Calabria,Italy,2020/09/05 09:28:32+00,38.90597598,16.59440194,1577,1167,97,313,,,"Calabria, Italy"
14.2508498400001,40.83956555,279,Campania,Italy,2020/09/05 09:28:32+00,40.83956555,14.25084984,7649,4471,447,2731,,,"Campania, Italy"
11.3417208,44.49436681,280,Emilia-Romagna,Italy,2020/09/05 09:28:32+00,44.49436681,11.3417208,32371,24719,4463,3189,,,"Emilia-Romagna, Italy"
13.7681364900001,45.6494354,281,Friuli Venezia Giulia,Italy,2020/09/05 09:28:32+00,45.6494354,13.76813649,3854,3093,349,412,,,"Friuli Venezia Giulia, Italy"
12.48366722,41.89277044,282,Lazio,Italy,2020/09/05 09:28:32+00,41.89277044,12.48366722,11771,7204,879,3688,,,"Lazio, Italy"
8.9326992,44.4114931500001,283,Liguria,Italy,2020/09/05 09:28:32+00,44.41149315,8.9326992,11086,8841,1572,673,,,"Liguria, Italy"
9.19034740400002,45.4667940900001,284,Lombardia,Italy,2020/09/05 09:28:32+00,45.46679409,9.190347404,101119,76574,16876,7669,,,"Lombardia, Italy"
13.5188753,43.6167597300001,285,Marche,Italy,2020/09/05 09:28:32+00,43.61675973,13.5188753,7311,5982,988,341,,,"Marche, Italy"
14.65916051,41.55774754,286,Molise,Italy,2020/09/05 09:28:32+00,41.55774754,14.65916051,534,433,23,78,,,"Molise, Italy"
11.3566242200001,46.4993345300001,287,P.A. Bolzano,Italy,2020/09/05 09:28:32+00,46.49933453,11.35662422,2973,2472,292,209,,,"P.A. Bolzano, Italy"
11.1212309700001,46.06893511,288,P.A. Trento,Italy,2020/09/05 09:28:32+00,46.06893511,11.12123097,5246,4611,405,230,,,"P.A. Trento, Italy"
7.68068748300004,45.0732745,289,Piemonte,Italy,2020/09/05 09:28:32+00,45.0732745,7.680687483,33146,27349,4149,1648,,,"Piemonte, Italy"
16.86736689,41.1255957600001,290,Puglia,Italy,2020/09/05 09:28:32+00,41.12559576,16.86736689,5741,4095,560,1086,,,"Puglia, Italy"
9.11061630600005,39.21531192,291,Sardegna,Italy,2020/09/05 09:28:32+00,39.21531192,9.110616306,2421,1276,135,1010,,,"Sardegna, Italy"
13.3623567,38.11569725,292,Sicilia,Italy,2020/09/05 09:28:32+00,38.11569725,13.3623567,4565,2993,288,1284,,,"Sicilia, Italy"
11.2558888500001,43.76923077,293,Toscana,Italy,2020/09/05 09:28:32+00,43.76923077,11.25588885,12179,9219,1143,1817,,,"Toscana, Italy"
12.3882469800001,43.1067584100001,294,Umbria,Italy,2020/09/05 09:28:32+00,43.10675841,12.38824698,1874,1467,80,327,,,"Umbria, Italy"
7.32014936600007,45.7375028600001,295,Valle d'Aosta,Italy,2020/09/05 09:28:32+00,45.73750286,7.320149366,1249,1068,146,35,,,"Valle d'Aosta, Italy"
12.3384521300001,45.4349048500001,296,Veneto,Italy,2020/09/05 09:28:32+00,45.43490485,12.33845213,23577,18671,2126,2780,,,"Veneto, Italy"
-77.2975,18.1096,297,,Jamaica,2020/09/05 09:28:32+00,18.1096,-77.2975,2964,922,30,2012,,,Jamaica
137.211621,35.035551,298,Aichi,Japan,2020/09/05 09:28:32+00,35.035551,137.211621,4677,3865,73,739,,,"Aichi, Japan"
140.408228,39.748679,299,Akita,Japan,2020/09/05 09:28:32+00,39.748679,140.408228,50,45,0,5,,,"Akita, Japan"
140.828896,40.781541,300,Aomori,Japan,2020/09/05 09:28:32+00,40.781541,140.828896,35,32,1,2,,,"Aomori, Japan"
140.198917,35.510141,301,Chiba,Japan,2020/09/05 09:28:32+00,35.510141,140.198917,3159,2712,63,384,,,"Chiba, Japan"
132.856842,33.624835,302,Ehime,Japan,2020/09/05 09:28:32+00,33.624835,132.856842,114,107,6,1,,,"Ehime, Japan"
136.224654,35.846614,303,Fukui,Japan,2020/09/05 09:28:32+00,35.846614,136.224654,243,160,8,75,,,"Fukui, Japan"
130.666949,33.526032,304,Fukuoka,Japan,2020/09/05 09:28:32+00,33.526032,130.666949,4757,3819,66,872,,,"Fukuoka, Japan"
140.223295,37.378867,305,Fukushima,Japan,2020/09/05 09:28:32+00,37.378867,140.223295,175,116,0,59,,,"Fukushima, Japan"
137.055925,35.778671,306,Gifu,Japan,2020/09/05 09:28:32+00,35.778671,137.055925,564,527,10,27,,,"Gifu, Japan"
138.985605,36.504479,307,Gunma,Japan,2020/09/05 09:28:32+00,36.504479,138.985605,474,357,19,98,,,"Gunma, Japan"
132.788719,34.605309,308,Hiroshima,Japan,2020/09/05 09:28:32+00,34.605309,132.788719,456,442,3,11,,,"Hiroshima, Japan"
142.552318,43.385711,309,Hokkaido,Japan,2020/09/05 09:28:32+00,43.385711,142.552318,1813,1578,104,131,,,"Hokkaido, Japan"
134.828057,35.039913,310,Hyogo,Japan,2020/09/05 09:28:32+00,35.039913,134.828057,2347,2110,54,183,,,"Hyogo, Japan"
140.319591,36.303588,311,Ibaraki,Japan,2020/09/05 09:28:32+00,36.303588,140.319591,567,485,14,68,,,"Ibaraki, Japan"
136.771027,36.769464,312,Ishikawa,Japan,2020/09/05 09:28:32+00,36.769464,136.771027,681,507,37,137,,,"Ishikawa, Japan"
141.361777,39.593287,313,Iwate,Japan,2020/09/05 09:28:32+00,39.593287,141.361777,23,10,0,13,,,"Iwate, Japan"
133.969047,34.217292,314,Kagawa,Japan,2020/09/05 09:28:32+00,34.217292,133.969047,85,71,1,13,,,"Kagawa, Japan"
130.430665,31.009484,315,Kagoshima,Japan,2020/09/05 09:28:32+00,31.009484,130.430665,370,302,11,57,,,"Kagoshima, Japan"
139.338983,35.415312,316,Kanagawa,Japan,2020/09/05 09:28:32+00,35.415312,139.338983,5288,4468,126,694,,,"Kanagawa, Japan"
133.367307,33.422519,317,Kochi,Japan,2020/09/05 09:28:32+00,33.422519,133.367307,131,109,3,19,,,"Kochi, Japan"
130.745231,32.608154,318,Kumamoto,Japan,2020/09/05 09:28:32+00,32.608154,130.745231,540,450,7,83,,,"Kumamoto, Japan"
135.443341,35.253815,319,Kyoto,Japan,2020/09/05 09:28:32+00,35.253815,135.443341,1561,1317,25,219,,,"Kyoto, Japan"
136.376013,34.508018,320,Mie,Japan,2020/09/05 09:28:32+00,34.508018,136.376013,423,334,2,87,,,"Mie, Japan"
140.927086,38.446859,321,Miyagi,Japan,2020/09/05 09:28:32+00,38.446859,140.927086,234,190,2,42,,,"Miyagi, Japan"
131.299374,32.193204,322,Miyazaki,Japan,2020/09/05 09:28:32+00,32.193204,131.299374,360,315,1,44,,,"Miyazaki, Japan"
138.045528,36.132134,323,Nagano,Japan,2020/09/05 09:28:32+00,36.132134,138.045528,285,206,1,78,,,"Nagano, Japan"
129.608033,33.235712,324,Nagasaki,Japan,2020/09/05 09:28:32+00,33.235712,129.608033,234,200,3,31,,,"Nagasaki, Japan"
135.871644,34.317451,325,Nara,Japan,2020/09/05 09:28:32+00,34.317451,135.871644,534,481,8,45,,,"Nara, Japan"
138.918647,37.521819,326,Niigata,Japan,2020/09/05 09:28:32+00,37.521819,138.918647,146,137,0,9,,,"Niigata, Japan"
131.43324,33.200697,327,Oita,Japan,2020/09/05 09:28:32+00,33.200697,131.43324,157,135,2,20,,,"Oita, Japan"
133.826252,34.89246,328,Okayama,Japan,2020/09/05 09:28:32+00,34.89246,133.826252,146,141,1,4,,,"Okayama, Japan"
126.668016,25.768923,329,Okinawa,Japan,2020/09/05 09:28:32+00,25.768923,126.668016,2229,1774,31,424,,,"Okinawa, Japan"
135.507481,34.620965,330,Osaka,Japan,2020/09/05 09:28:32+00,34.620965,135.507481,8902,7706,161,1035,,,"Osaka, Japan"
,,331,Port Quarantine,Japan,2020/09/05 09:28:32+00,,,817,514,1,302,,,"Port Quarantine, Japan"
130.115738,33.286977,332,Saga,Japan,2020/09/05 09:28:32+00,33.286977,130.115738,238,223,0,15,,,"Saga, Japan"
139.347635,35.997101,333,Saitama,Japan,2020/09/05 09:28:32+00,35.997101,139.347635,4106,3434,93,579,,,"Saitama, Japan"
136.138064,35.215827,334,Shiga,Japan,2020/09/05 09:28:32+00,35.215827,136.138064,459,381,7,71,,,"Shiga, Japan"
132.554064,35.07076,335,Shimane,Japan,2020/09/05 09:28:32+00,35.07076,132.554064,137,136,0,1,,,"Shimane, Japan"
138.407784,34.916975,336,Shizuoka,Japan,2020/09/05 09:28:32+00,34.916975,138.407784,494,447,1,46,,,"Shizuoka, Japan"
139.819213,36.689912,337,Tochigi,Japan,2020/09/05 09:28:32+00,36.689912,139.819213,309,288,1,20,,,"Tochigi, Japan"
134.242091,33.919178,338,Tokushima,Japan,2020/09/05 09:28:32+00,33.919178,134.242091,145,70,4,71,,,"Tokushima, Japan"
139.446921,35.711343,339,Tokyo,Japan,2020/09/05 09:28:32+00,35.711343,139.446921,21666,18487,369,2810,,,"Tokyo, Japan"
133.863619,35.359069,340,Tottori,Japan,2020/09/05 09:28:32+00,35.359069,133.863619,22,22,0,0,,,"Tottori, Japan"
137.269346,36.637464,341,Toyama,Japan,2020/09/05 09:28:32+00,36.637464,137.269346,402,318,25,59,,,"Toyama, Japan"
,,342,Unknown,Japan,2020/09/05 09:28:32+00,,,8,8,0,0,,,"Unknown, Japan"
135.505446,33.911879,343,Wakayama,Japan,2020/09/05 09:28:32+00,33.911879,135.505446,232,221,5,6,,,"Wakayama, Japan"
140.102154,38.448396,344,Yamagata,Japan,2020/09/05 09:28:32+00,38.448396,140.102154,78,76,1,1,,,"Yamagata, Japan"
131.573293,34.20119,345,Yamaguchi,Japan,2020/09/05 09:28:32+00,34.20119,131.573293,181,103,0,78,,,"Yamaguchi, Japan"
138.611489,35.612364,346,Yamanashi,Japan,2020/09/05 09:28:32+00,35.612364,138.611489,180,157,5,18,,,"Yamanashi, Japan"
36.51,31.24,347,,Jordan,2020/09/05 09:28:32+00,31.24,36.51,2301,1676,16,609,,,Jordan
66.9237,48.0196,348,,Kazakhstan,2020/09/05 09:28:32+00,48.0196,66.9237,106225,99018,1588,5619,,,Kazakhstan
37.9062,-0.0236,349,,Kenya,2020/09/05 09:28:32+00,-0.0236,37.9062,34884,21059,589,13236,,,Kenya
127.766922,35.907757,350,,"Korea, South",2020/09/05 09:28:32+00,35.907757,127.766922,21010,16009,333,4668,,,"Korea, South"
20.902977,42.602636,351,,Kosovo,2020/09/05 09:28:32+00,42.602636,20.902977,12683,8788,488,3407,,,Kosovo
47.481766,29.31166,352,,Kuwait,2020/09/05 09:28:32+00,29.31166,47.481766,88243,79417,537,8289,,,Kuwait
74.766098,41.20438,353,,Kyrgyzstan,2020/09/05 09:28:32+00,41.20438,74.766098,44293,39599,1060,3634,,,Kyrgyzstan
102.495496,19.85627,354,,Laos,2020/09/05 09:28:32+00,19.85627,102.495496,22,21,0,1,,,Laos
24.6032,56.8796,355,,Latvia,2020/09/05 09:28:32+00,56.8796,24.6032,1425,1187,35,203,,,Latvia
35.8623,33.8547,356,,Lebanon,2020/09/05 09:28:32+00,33.8547,35.8623,19490,5592,183,13715,,,Lebanon
28.2336,-29.61,357,,Lesotho,2020/09/05 09:28:32+00,-29.61,28.2336,1148,528,31,589,,,Lesotho
-9.429499,6.428055,358,,Liberia,2020/09/05 09:28:32+00,6.428055,-9.429499,1306,1163,82,61,,,Liberia
17.228331,26.3351,359,,Libya,2020/09/05 09:28:32+00,26.3351,17.228331,16445,1910,262,14273,,,Libya
9.55,47.14,360,,Liechtenstein,2020/09/05 09:28:32+00,47.14,9.55,107,97,1,9,,,Liechtenstein
23.8813,55.1694,361,,Lithuania,2020/09/05 09:28:32+00,55.1694,23.8813,3004,1920,86,998,,,Lithuania
6.1296,49.8153,362,,Luxembourg,2020/09/05 09:28:32+00,49.8153,6.1296,6854,6126,124,604,,,Luxembourg
,,363,,MS Zaandam,2020/09/05 09:28:32+00,,,9,0,2,7,,,MS Zaandam
46.869107,-18.766947,364,,Madagascar,2020/09/05 09:28:32+00,-18.766947,46.869107,15187,14075,198,914,,,Madagascar
34.3015,-13.2543,365,,Malawi,2020/09/05 09:28:32+00,-13.2543,34.3015,5608,3533,175,1900,,,Malawi
101.975766,4.210484,366,,Malaysia,2020/09/05 09:28:32+00,4.210484,101.975766,9391,9113,128,150,,,Malaysia
73.2207,3.2028,367,,Maldives,2020/09/05 09:28:32+00,3.2028,73.2207,8361,5642,29,2690,,,Maldives
-3.996166,17.570692,368,,Mali,2020/09/05 09:28:32+00,17.570692,-3.996166,2814,2220,126,468,,,Mali
14.3754,35.9375,369,,Malta,2020/09/05 09:28:32+00,35.9375,14.3754,1984,1565,13,406,,,Malta
-10.9408,21.0079,370,,Mauritania,2020/09/05 09:28:32+00,21.0079,-10.9408,7126,6623,160,343,,,Mauritania
57.552152,-20.348404,371,,Mauritius,2020/09/05 09:28:32+00,-20.348404,57.552152,356,335,10,11,,,Mauritius
-102.2916,21.8853,372,Aguascalientes,Mexico,2020/09/05 09:28:32+00,21.8853,-102.2916,5862,5020,442,400,,,"Aguascalientes, Mexico"
-115.2838,30.8406,373,Baja California,Mexico,2020/09/05 09:28:32+00,30.8406,-115.2838,17325,13262,3213,850,,,"Baja California, Mexico"
-111.6661,26.0444,374,Baja California Sur,Mexico,2020/09/05 09:28:32+00,26.0444,-111.6661,8099,6680,379,1040,,,"Baja California Sur, Mexico"
-90.5349,19.8301,375,Campeche,Mexico,2020/09/05 09:28:32+00,19.8301,-90.5349,5670,4764,777,129,,,"Campeche, Mexico"
-93.1292,16.7569,376,Chiapas,Mexico,2020/09/05 09:28:32+00,16.7569,-93.1292,6298,5230,1006,62,,,"Chiapas, Mexico"
-106.0691,28.633,377,Chihuahua,Mexico,2020/09/05 09:28:32+00,28.633,-106.0691,8229,6312,1177,740,,,"Chihuahua, Mexico"
-99.1332,19.4326,378,Ciudad de Mexico,Mexico,2020/09/05 09:28:32+00,19.4326,-99.1332,102938,84591,10780,7567,,,"Ciudad de Mexico, Mexico"
-101.7068,27.0587,379,Coahuila,Mexico,2020/09/05 09:28:32+00,27.0587,-101.7068,22536,19419,1462,1655,,,"Coahuila, Mexico"
-104.0072,19.1223,380,Colima,Mexico,2020/09/05 09:28:32+00,19.1223,-104.0072,3905,3031,453,421,,,"Colima, Mexico"
-104.6588,24.5593,381,Durango,Mexico,2020/09/05 09:28:32+00,24.5593,-104.6588,6814,5484,474,856,,,"Durango, Mexico"
-101.2574,21.019,382,Guanajuato,Mexico,2020/09/05 09:28:32+00,21.019,-101.2574,33272,27829,2273,3170,,,"Guanajuato, Mexico"
-99.5451,17.4392,383,Guerrero,Mexico,2020/09/05 09:28:32+00,17.4392,-99.5451,15263,12734,1685,844,,,"Guerrero, Mexico"
-98.7624,20.0911,384,Hidalgo,Mexico,2020/09/05 09:28:32+00,20.0911,-98.7624,10778,8367,1672,739,,,"Hidalgo, Mexico"
-103.3494,20.6595,385,Jalisco,Mexico,2020/09/05 09:28:32+00,20.6595,-103.3494,21441,16850,2586,2005,,,"Jalisco, Mexico"
-99.7233,19.4969,386,Mexico,Mexico,2020/09/05 09:28:32+00,19.4969,-99.7233,70075,58296,8225,3554,,,"Mexico, Mexico"
-101.7068,19.5665,387,Michoacan,Mexico,2020/09/05 09:28:32+00,19.5665,-101.7068,15828,13153,1259,1416,,,"Michoacan, Mexico"
-99.1013,18.6813,388,Morelos,Mexico,2020/09/05 09:28:32+00,18.6813,-99.1013,5333,4073,989,271,,,"Morelos, Mexico"
-104.8455,21.7514,389,Nayarit,Mexico,2020/09/05 09:28:32+00,21.7514,-104.8455,5155,4154,617,384,,,"Nayarit, Mexico"
-99.9962,25.5922,390,Nuevo Leon,Mexico,2020/09/05 09:28:32+00,25.5922,-99.9962,30679,24948,2395,3336,,,"Nuevo Leon, Mexico"
-96.7266,17.0732,391,Oaxaca,Mexico,2020/09/05 09:28:32+00,17.0732,-96.7266,14088,12151,1273,664,,,"Oaxaca, Mexico"
-98.2063,19.0414,392,Puebla,Mexico,2020/09/05 09:28:32+00,19.0414,-98.2063,27704,22956,3635,1113,,,"Puebla, Mexico"
-100.3899,20.5888,393,Queretaro,Mexico,2020/09/05 09:28:32+00,20.5888,-100.3899,6882,5323,774,785,,,"Queretaro, Mexico"
-88.4791,19.1817,394,Quintana Roo,Mexico,2020/09/05 09:28:32+00,19.1817,-88.4791,10616,8532,1426,658,,,"Quintana Roo, Mexico"
-100.9855,22.1565,395,San Luis Potosi,Mexico,2020/09/05 09:28:32+00,22.1565,-100.9855,18952,16391,1243,1318,,,"San Luis Potosi, Mexico"
-107.4795,25.1721,396,Sinaloa,Mexico,2020/09/05 09:28:32+00,25.1721,-107.4795,16589,13009,2855,725,,,"Sinaloa, Mexico"
-110.3309,29.2972,397,Sonora,Mexico,2020/09/05 09:28:32+00,29.2972,-110.3309,21923,18395,2681,847,,,"Sonora, Mexico"
-92.6189,17.8409,398,Tabasco,Mexico,2020/09/05 09:28:32+00,17.8409,-92.6189,29012,25174,2631,1207,,,"Tabasco, Mexico"
-98.8363,24.2669,399,Tamaulipas,Mexico,2020/09/05 09:28:32+00,24.2669,-98.8363,25036,22132,1870,1034,,,"Tamaulipas, Mexico"
-98.2404,19.3139,400,Tlaxcala,Mexico,2020/09/05 09:28:32+00,19.3139,-98.2404,6601,5404,932,265,,,"Tlaxcala, Mexico"
-96.1342,19.1738,401,Veracruz,Mexico,2020/09/05 09:28:32+00,19.1738,-96.1342,29135,23876,3772,1487,,,"Veracruz, Mexico"
-89.0943,20.7099,402,Yucatan,Mexico,2020/09/05 09:28:32+00,20.7099,-89.0943,15389,12643,1367,1379,,,"Yucatan, Mexico"
-102.5832,22.7709,403,Zacatecas,Mexico,2020/09/05 09:28:32+00,22.7709,-102.5832,5663,4480,528,655,,,"Zacatecas, Mexico"
28.3699,47.4116,404,,Moldova,2020/09/05 09:28:32+00,47.4116,28.3699,38906,27017,1047,10842,,,Moldova
7.4167,43.7333,405,,Monaco,2020/09/05 09:28:32+00,43.7333,7.4167,147,97,1,49,,,Monaco
103.8467,46.8625,406,,Mongolia,2020/09/05 09:28:32+00,46.8625,103.8467,310,296,0,14,,,Mongolia
19.37439,42.708678,407,,Montenegro,2020/09/05 09:28:32+00,42.708678,19.37439,5275,4203,106,966,,,Montenegro
-7.0926,31.7917,408,,Morocco,2020/09/05 09:28:32+00,31.7917,-7.0926,68605,52483,1292,14830,,,Morocco
35.529562,-18.665695,409,,Mozambique,2020/09/05 09:28:32+00,-18.665695,35.529562,4265,2511,26,1728,,,Mozambique
18.4904,-22.9576,410,,Namibia,2020/09/05 09:28:32+00,-22.9576,18.4904,8323,3611,87,4625,,,Namibia
84.25,28.1667,411,,Nepal,2020/09/05 09:28:32+00,28.1667,84.25,44236,25561,271,18404,,,Nepal
-69.9683,12.5211,412,Aruba,Netherlands,2020/09/05 09:28:32+00,12.5211,-69.9683,2358,1119,13,1226,,,"Aruba, Netherlands"
-68.2385,12.1784,413,"Bonaire, Sint Eustatius and Saba",Netherlands,2020/09/05 09:28:32+00,12.1784,-68.2385,18,7,0,11,,,"Bonaire, Sint Eustatius and Saba, Netherlands"
-68.99,12.1696,414,Curacao,Netherlands,2020/09/05 09:28:32+00,12.1696,-68.99,78,39,1,38,,,"Curacao, Netherlands"
6.618435,52.862485,415,Drenthe,Netherlands,2020/09/05 09:28:32+00,52.862485,6.618435,615,0,41,574,,,"Drenthe, Netherlands"
5.515162,52.550383,416,Flevoland,Netherlands,2020/09/05 09:28:32+00,52.550383,5.515162,1370,0,95,1275,,,"Flevoland, Netherlands"
5.7925,53.087337,417,Friesland,Netherlands,2020/09/05 09:28:32+00,53.087337,5.7925,838,0,69,769,,,"Friesland, Netherlands"
5.939114,52.061738,418,Gelderland,Netherlands,2020/09/05 09:28:32+00,52.061738,5.939114,7592,0,689,6903,,,"Gelderland, Netherlands"
6.741514,53.217922,419,Groningen,Netherlands,2020/09/05 09:28:32+00,53.217922,6.741514,619,0,19,600,,,"Groningen, Netherlands"
5.93387,51.209227,420,Limburg,Netherlands,2020/09/05 09:28:32+00,51.209227,5.93387,5509,0,757,4752,,,"Limburg, Netherlands"
5.184942,51.561174,421,Noord-Brabant,Netherlands,2020/09/05 09:28:32+00,51.561174,5.184942,12474,0,1550,10924,,,"Noord-Brabant, Netherlands"
4.918688,52.600906,422,Noord-Holland,Netherlands,2020/09/05 09:28:32+00,52.600906,4.918688,13110,0,830,12280,,,"Noord-Holland, Netherlands"
6.441722,52.444558,423,Overijssel,Netherlands,2020/09/05 09:28:32+00,52.444558,6.441722,3548,0,314,3234,,,"Overijssel, Netherlands"
-63.0548,18.0425,424,Sint Maarten,Netherlands,2020/09/05 09:28:32+00,18.0425,-63.0548,511,302,19,190,,,"Sint Maarten, Netherlands"
,,425,Unknown,Netherlands,2020/09/05 09:28:32+00,,,635,0,18,617,,,"Unknown, Netherlands"
5.163824,52.084251,426,Utrecht,Netherlands,2020/09/05 09:28:32+00,52.084251,5.163824,5699,0,436,5263,,,"Utrecht, Netherlands"
3.861559,51.47936,427,Zeeland,Netherlands,2020/09/05 09:28:32+00,51.47936,3.861559,1065,0,72,993,,,"Zeeland, Netherlands"
4.462114,51.937835,428,Zuid-Holland,Netherlands,2020/09/05 09:28:32+00,51.937835,4.462114,20134,0,1347,18787,,,"Zuid-Holland, Netherlands"
174.886,-40.9006,429,,New Zealand,2020/09/05 09:28:32+00,-40.9006,174.886,1767,1631,24,112,,,New Zealand
-85.207229,12.865416,430,,Nicaragua,2020/09/05 09:28:32+00,12.865416,-85.207229,4668,2913,141,1614,,,Nicaragua
8.081666,17.607789,431,,Niger,2020/09/05 09:28:32+00,17.607789,8.081666,1177,1091,69,17,,,Niger
8.6753,9.082,432,,Nigeria,2020/09/05 09:28:32+00,9.082,8.6753,54743,42816,1051,10876,,,Nigeria
21.7453,41.6086,433,,North Macedonia,2020/09/05 09:28:32+00,41.6086,21.7453,14871,12054,609,2208,,,North Macedonia
8.4689,60.472,434,,Norway,2020/09/05 09:28:32+00,60.472,8.4689,11231,9348,264,1619,,,Norway
55.923255,21.512583,435,,Oman,2020/09/05 09:28:32+00,21.512583,55.923255,86380,81828,705,3847,,,Oman
73.947253,34.027401,436,Azad Jammu and Kashmir,Pakistan,2020/09/05 09:28:32+00,34.027401,73.947253,2313,2162,65,86,,,"Azad Jammu and Kashmir, Pakistan"
65.898403,28.328492,437,Balochistan,Pakistan,2020/09/05 09:28:32+00,28.328492,65.898403,13157,11861,144,1152,,,"Balochistan, Pakistan"
74.982138,35.792146,438,Gilgit-Baltistan,Pakistan,2020/09/05 09:28:32+00,35.792146,74.982138,2960,2597,71,292,,,"Gilgit-Baltistan, Pakistan"
73.121219,33.665087,439,Islamabad,Pakistan,2020/09/05 09:28:32+00,33.665087,73.121219,15726,15120,175,431,,,"Islamabad, Pakistan"
72.09169,34.485332,440,Khyber Pakhtunkhwa,Pakistan,2020/09/05 09:28:32+00,34.485332,72.09169,36498,34249,1255,994,,,"Khyber Pakhtunkhwa, Pakistan"
72.139132,30.811346,441,Punjab,Pakistan,2020/09/05 09:28:32+00,30.811346,72.139132,97118,92552,2208,2358,,,"Punjab, Pakistan"
68.776807,26.009446,442,Sindh,Pakistan,2020/09/05 09:28:32+00,26.009446,68.776807,130253,124012,2422,3819,,,"Sindh, Pakistan"
-80.7821,8.538,443,,Panama,2020/09/05 09:28:32+00,8.538,-80.7821,95596,68742,2063,24791,,,Panama
143.95555,-6.314993,444,,Papua New Guinea,2020/09/05 09:28:32+00,-6.314993,143.95555,479,232,5,242,,,Papua New Guinea
-58.4438,-23.4425,445,,Paraguay,2020/09/05 09:28:32+00,-23.4425,-58.4438,20654,10523,398,9733,,,Paraguay
-78.050172,-5.077253,446,Amazonas,Peru,2020/09/05 09:28:32+00,-5.077253,-78.050172,11320,0,192,11128,,,"Amazonas, Peru"
-77.671795,-9.407125,447,Ancash,Peru,2020/09/05 09:28:32+00,-9.407125,-77.671795,19104,0,1183,17921,,,"Ancash, Peru"
-72.975378,-14.027713,448,Apurimac,Peru,2020/09/05 09:28:32+00,-14.027713,-72.975378,3112,0,69,3043,,,"Apurimac, Peru"
-72.475539,-15.843524,449,Arequipa,Peru,2020/09/05 09:28:32+00,-15.843524,-72.475539,34419,0,1193,33226,,,"Arequipa, Peru"
-74.08344,-14.091648,450,Ayacucho,Peru,2020/09/05 09:28:32+00,-14.091648,-74.08344,8749,0,271,8478,,,"Ayacucho, Peru"
-78.745596,-6.430284,451,Cajamarca,Peru,2020/09/05 09:28:32+00,-6.430284,-78.745596,16081,0,397,15684,,,"Cajamarca, Peru"
-77.136042,-11.954609,452,Callao,Peru,2020/09/05 09:28:32+00,-11.954609,-77.136042,28207,0,1596,26611,,,"Callao, Peru"
-72.153609,-13.191068,453,Cusco,Peru,2020/09/05 09:28:32+00,-13.191068,-72.153609,16146,0,341,15805,,,"Cusco, Peru"
-75.00277,-13.023888,454,Huancavelica,Peru,2020/09/05 09:28:32+00,-13.023888,-75.00277,5016,0,87,4929,,,"Huancavelica, Peru"
-76.040642,-9.421676,455,Huanuco,Peru,2020/09/05 09:28:32+00,-9.421676,-76.040642,12974,0,344,12630,,,"Huanuco, Peru"
-75.574821,-14.235097,456,Ica,Peru,2020/09/05 09:28:32+00,-14.235097,-75.574821,22006,0,1481,20525,,,"Ica, Peru"
-74.876968,-11.541783,457,Junin,Peru,2020/09/05 09:28:32+00,-11.541783,-74.876968,15692,0,671,15021,,,"Junin, Peru"
-78.370238,-7.92139,458,La Libertad,Peru,2020/09/05 09:28:32+00,-7.92139,-78.370238,23335,0,2082,21253,,,"La Libertad, Peru"
-79.824113,-6.353049,459,Lambayeque,Peru,2020/09/05 09:28:32+00,-6.353049,-79.824113,22698,0,1602,21096,,,"Lambayeque, Peru"
-76.604498,-11.766533,460,Lima,Peru,2020/09/05 09:28:32+00,-11.766533,-76.604498,318822,0,13167,305655,,,"Lima, Peru"
-74.424115,-4.124847,461,Loreto,Peru,2020/09/05 09:28:32+00,-4.124847,-74.424115,16196,0,924,15272,,,"Loreto, Peru"
-70.53172,-11.972699,462,Madre de Dios,Peru,2020/09/05 09:28:32+00,-11.972699,-70.53172,6380,0,131,6249,,,"Madre de Dios, Peru"
-70.839046,-16.860271,463,Moquegua,Peru,2020/09/05 09:28:32+00,-16.860271,-70.839046,9507,0,235,9272,,,"Moquegua, Peru"
-75.307635,-10.39655,464,Pasco,Peru,2020/09/05 09:28:32+00,-10.39655,-75.307635,4039,0,91,3948,,,"Pasco, Peru"
-80.335861,-5.133361,465,Piura,Peru,2020/09/05 09:28:32+00,-5.133361,-80.335861,30079,0,1845,28234,,,"Piura, Peru"
-69.922726,-14.995827,466,Puno,Peru,2020/09/05 09:28:32+00,-14.995827,-69.922726,9374,0,246,9128,,,"Puno, Peru"
-76.729127,-7.039531,467,San Martin,Peru,2020/09/05 09:28:32+00,-7.039531,-76.729127,14263,0,665,13598,,,"San Martin, Peru"
-70.27756,-17.644161,468,Tacna,Peru,2020/09/05 09:28:32+00,-17.644161,-70.27756,9217,0,157,9060,,,"Tacna, Peru"
-80.545255,-3.857496,469,Tumbes,Peru,2020/09/05 09:28:32+00,-3.857496,-80.545255,5908,0,283,5625,,,"Tumbes, Peru"
-73.444929,-9.621718,470,Ucayali,Peru,2020/09/05 09:28:32+00,-9.621718,-73.444929,14204,0,301,13903,,,"Ucayali, Peru"
,,471,Unknown,Peru,2020/09/05 09:28:32+00,,,0,498523,0,-498523,,,"Unknown, Peru"
121.774017,12.879721,472,,Philippines,2020/09/05 09:28:32+00,12.879721,121.774017,234570,161668,3790,69112,,,Philippines
19.1451,51.9194,473,,Poland,2020/09/05 09:28:32+00,51.9194,19.1451,70387,52346,2113,15928,,,Poland
-8.2245,39.3999,474,,Portugal,2020/09/05 09:28:32+00,39.3999,-8.2245,59457,42576,1833,15048,,,Portugal
51.1839,25.3548,475,,Qatar,2020/09/05 09:28:32+00,25.3548,51.1839,119637,116538,201,2898,,,Qatar
24.9668,45.9432,476,,Romania,2020/09/05 09:28:32+00,45.9432,24.9668,92595,39626,3812,49157,,,Romania
40.1520421,44.6939006,477,Adygea Republic,Russia,2020/09/05 09:28:32+00,44.6939006,40.1520421,3480,2964,29,487,,,"Adygea Republic, Russia"
82.6931424,52.6932243,478,Altai Krai,Russia,2020/09/05 09:28:32+00,52.6932243,82.6931424,12033,10820,123,1090,,,"Altai Krai, Russia"
86.8572186,50.7114101,479,Altai Republic,Russia,2020/09/05 09:28:32+00,50.7114101,86.8572186,2252,1945,8,299,,,"Altai Republic, Russia"
128.437295,52.8032368,480,Amur Oblast,Russia,2020/09/05 09:28:32+00,52.8032368,128.437295,3537,3119,47,371,,,"Amur Oblast, Russia"
43.1221646,63.5589686,481,Arkhangelsk Oblast,Russia,2020/09/05 09:28:32+00,63.5589686,43.1221646,11131,9222,254,1655,,,"Arkhangelsk Oblast, Russia"
47.608851,47.1878186,482,Astrakhan Oblast,Russia,2020/09/05 09:28:32+00,47.1878186,47.608851,5894,5630,79,185,,,"Astrakhan Oblast, Russia"
57.1439682,54.8573563,483,Bashkortostan Republic,Russia,2020/09/05 09:28:32+00,54.8573563,57.1439682,7949,7081,29,839,,,"Bashkortostan Republic, Russia"
37.5837615,50.7080119,484,Belgorod Oblast,Russia,2020/09/05 09:28:32+00,50.7080119,37.5837615,7569,6956,54,559,,,"Belgorod Oblast, Russia"
33.415853,52.8873315,485,Bryansk Oblast,Russia,2020/09/05 09:28:32+00,52.8873315,33.415853,8370,6828,35,1507,,,"Bryansk Oblast, Russia"
109.492143,52.7182426,486,Buryatia Republic,Russia,2020/09/05 09:28:32+00,52.7182426,109.492143,5481,4597,55,829,,,"Buryatia Republic, Russia"
45.6985005,43.3976147,487,Chechen Republic,Russia,2020/09/05 09:28:32+00,43.3976147,45.6985005,2296,1661,39,596,,,"Chechen Republic, Russia"
61.1865846,54.4223954,488,Chelyabinsk Oblast,Russia,2020/09/05 09:28:32+00,54.4223954,61.1865846,14000,9793,108,4099,,,"Chelyabinsk Oblast, Russia"
169.4900869,66.0006475,489,Chukotka Autonomous Okrug,Russia,2020/09/05 09:28:32+00,66.0006475,169.4900869,174,167,2,5,,,"Chukotka Autonomous Okrug, Russia"
47.0849429,55.4259922,490,Chuvashia Republic,Russia,2020/09/05 09:28:32+00,55.4259922,47.0849429,7923,6553,73,1297,,,"Chuvashia Republic, Russia"
47.1332224,43.0574916,491,Dagestan Republic,Russia,2020/09/05 09:28:32+00,43.0574916,47.1332224,11367,9877,507,983,,,"Dagestan Republic, Russia"
45.0171355200001,43.1154207500001,492,Ingushetia Republic,Russia,2020/09/05 09:28:32+00,43.11542075,45.01713552,4547,3983,76,488,,,"Ingushetia Republic, Russia"
104.719221,56.6370122,493,Irkutsk Oblast,Russia,2020/09/05 09:28:32+00,56.6370122,104.719221,17184,13393,254,3537,,,"Irkutsk Oblast, Russia"
41.4352137,56.9167446,494,Ivanovo Oblast,Russia,2020/09/05 09:28:32+00,56.9167446,41.4352137,7591,6305,121,1165,,,"Ivanovo Oblast, Russia"
132.6630746,48.57527615,495,Jewish Autonomous Okrug,Russia,2020/09/05 09:28:32+00,48.57527615,132.6630746,663,577,9,77,,,"Jewish Autonomous Okrug, Russia"
43.5978976,43.4806048,496,Kabardino-Balkarian Republic,Russia,2020/09/05 09:28:32+00,43.4806048,43.5978976,6659,6171,79,409,,,"Kabardino-Balkarian Republic, Russia"
21.1489473,54.7293041,497,Kaliningrad Oblast,Russia,2020/09/05 09:28:32+00,54.7293041,21.1489473,3523,2879,58,586,,,"Kaliningrad Oblast, Russia"
45.3275745,46.2313018,498,Kalmykia Republic,Russia,2020/09/05 09:28:32+00,46.2313018,45.3275745,4655,2885,56,1714,,,"Kalmykia Republic, Russia"
35.5272854,54.4382773,499,Kaluga Oblast,Russia,2020/09/05 09:28:32+00,54.4382773,35.5272854,8195,7043,69,1083,,,"Kaluga Oblast, Russia"
160.0383819,57.1914882,500,Kamchatka Krai,Russia,2020/09/05 09:28:32+00,57.1914882,160.0383819,3929,3194,42,693,,,"Kamchatka Krai, Russia"
41.7267991,43.7368326,501,Karachay-Cherkess Republic,Russia,2020/09/05 09:28:32+00,43.7368326,41.7267991,5399,4468,28,903,,,"Karachay-Cherkess Republic, Russia"
33.4920267,62.6194031,502,Karelia Republic,Russia,2020/09/05 09:28:32+00,62.6194031,33.4920267,3264,2361,16,887,,,"Karelia Republic, Russia"
87.342861,54.5335781,503,Kemerovo Oblast,Russia,2020/09/05 09:28:32+00,54.5335781,87.342861,6880,5099,48,1733,,,"Kemerovo Oblast, Russia"
136.121524,51.6312684,504,Khabarovsk Krai,Russia,2020/09/05 09:28:32+00,51.6312684,136.121524,10419,8288,93,2038,,,"Khabarovsk Krai, Russia"
91.4429362700001,53.72258845,505,Khakassia Republic,Russia,2020/09/05 09:28:32+00,53.72258845,91.44293627,3529,3195,47,287,,,"Khakassia Republic, Russia"
69.0982628,61.0259025,506,Khanty-Mansi Autonomous Okrug,Russia,2020/09/05 09:28:32+00,61.0259025,69.0982628,19967,18942,174,851,,,"Khanty-Mansi Autonomous Okrug, Russia"
49.4074599,57.9665589,507,Kirov Oblast,Russia,2020/09/05 09:28:32+00,57.9665589,49.4074599,6877,5172,98,1607,,,"Kirov Oblast, Russia"
54.3326073,63.9881421,508,Komi Republic,Russia,2020/09/05 09:28:32+00,63.9881421,54.3326073,6716,5854,85,777,,,"Komi Republic, Russia"
44.2533273,58.424756,509,Kostroma Oblast,Russia,2020/09/05 09:28:32+00,58.424756,44.2533273,3696,2712,41,943,,,"Kostroma Oblast, Russia"
39.0261044,45.7684014,510,Krasnodar Krai,Russia,2020/09/05 09:28:32+00,45.7684014,39.0261044,11654,9540,191,1923,,,"Krasnodar Krai, Russia"
97.0979974,63.3233807,511,Krasnoyarsk Krai,Russia,2020/09/05 09:28:32+00,63.3233807,97.0979974,17413,13813,501,3099,,,"Krasnoyarsk Krai, Russia"
64.5632681,55.7655302,512,Kurgan Oblast,Russia,2020/09/05 09:28:32+00,55.7655302,64.5632681,3096,2710,19,367,,,"Kurgan Oblast, Russia"
36.4852695,51.6568453,513,Kursk Oblast,Russia,2020/09/05 09:28:32+00,51.6568453,36.4852695,7269,6183,54,1032,,,"Kursk Oblast, Russia"
32.3925325,60.1853296,514,Leningrad Oblast,Russia,2020/09/05 09:28:32+00,60.1853296,32.3925325,6978,5111,82,1785,,,"Leningrad Oblast, Russia"
39.1122664,52.6935178,515,Lipetsk Oblast,Russia,2020/09/05 09:28:32+00,52.6935178,39.1122664,5257,4721,30,506,,,"Lipetsk Oblast, Russia"
153.9903764,62.48858785,516,Magadan Oblast,Russia,2020/09/05 09:28:32+00,62.48858785,153.9903764,2049,1686,18,345,,,"Magadan Oblast, Russia"
47.8817512,56.5767504,517,Mari El Republic,Russia,2020/09/05 09:28:32+00,56.5767504,47.8817512,4343,3880,41,422,,,"Mari El Republic, Russia"
44.4661144,54.4419829,518,Mordovia Republic,Russia,2020/09/05 09:28:32+00,54.4419829,44.4661144,5620,4433,38,1149,,,"Mordovia Republic, Russia"
37.6174943,55.7504461,519,Moscow,Russia,2020/09/05 09:28:32+00,55.7504461,37.6174943,265737,220407,4878,40452,,,"Moscow, Russia"
38.0353929,55.5043158,520,Moscow Oblast,Russia,2020/09/05 09:28:32+00,55.5043158,38.0353929,69032,52313,1213,15506,,,"Moscow Oblast, Russia"
33.9999151,68.0000418,521,Murmansk Oblast,Russia,2020/09/05 09:28:32+00,68.0000418,33.9999151,13173,10682,169,2322,,,"Murmansk Oblast, Russia"
57.1686375,68.2755718500001,522,Nenets Autonomous Okrug,Russia,2020/09/05 09:28:32+00,68.27557185,57.1686375,316,114,0,202,,,"Nenets Autonomous Okrug, Russia"
44.0911594,55.4718033,523,Nizhny Novgorod Oblast,Russia,2020/09/05 09:28:32+00,55.4718033,44.0911594,28409,25331,492,2586,,,"Nizhny Novgorod Oblast, Russia"
44.6324493,42.7933611,524,North Ossetia - Alania Republic,Russia,2020/09/05 09:28:32+00,42.7933611,44.6324493,5037,4489,67,481,,,"North Ossetia - Alania Republic, Russia"
32.5169757,58.2843833,525,Novgorod Oblast,Russia,2020/09/05 09:28:32+00,58.2843833,32.5169757,4452,3314,86,1052,,,"Novgorod Oblast, Russia"
79.4813924,54.9720169,526,Novosibirsk Oblast,Russia,2020/09/05 09:28:32+00,54.9720169,79.4813924,11670,10413,376,881,,,"Novosibirsk Oblast, Russia"
73.5099936,56.0935263,527,Omsk Oblast,Russia,2020/09/05 09:28:32+00,56.0935263,73.5099936,9507,7974,211,1322,,,"Omsk Oblast, Russia"
36.0692477,52.9685433,528,Orel Oblast,Russia,2020/09/05 09:28:32+00,52.9685433,36.0692477,7278,5793,110,1375,,,"Orel Oblast, Russia"
54.7276647,52.0269262,529,Orenburg Oblast,Russia,2020/09/05 09:28:32+00,52.0269262,54.7276647,10387,9333,81,973,,,"Orenburg Oblast, Russia"
44.7879181,53.1655415,530,Penza Oblast,Russia,2020/09/05 09:28:32+00,53.1655415,44.7879181,8547,8003,112,432,,,"Penza Oblast, Russia"
56.3159546,58.5951603,531,Perm Krai,Russia,2020/09/05 09:28:32+00,58.5951603,56.3159546,8160,5712,220,2228,,,"Perm Krai, Russia"
134.726645,45.0819456,532,Primorsky Krai,Russia,2020/09/05 09:28:32+00,45.0819456,134.726645,9988,8311,107,1570,,,"Primorsky Krai, Russia"
28.8586826,57.5358729,533,Pskov Oblast,Russia,2020/09/05 09:28:32+00,57.5358729,28.8586826,4745,3527,65,1153,,,"Pskov Oblast, Russia"
40.7957942,47.6222451,534,Rostov Oblast,Russia,2020/09/05 09:28:32+00,47.6222451,40.7957942,17630,14995,373,2262,,,"Rostov Oblast, Russia"
40.5705246,54.4226732,535,Ryazan Oblast,Russia,2020/09/05 09:28:32+00,54.4226732,40.5705246,7308,6351,46,911,,,"Ryazan Oblast, Russia"
30.1586551,59.9606739,536,Saint Petersburg,Russia,2020/09/05 09:28:32+00,59.9606739,30.1586551,37620,26290,2522,8808,,,"Saint Petersburg, Russia"
129.642371,66.941626,537,Sakha (Yakutiya) Republic,Russia,2020/09/05 09:28:32+00,66.941626,129.642371,7622,6126,90,1406,,,"Sakha (Yakutiya) Republic, Russia"
143.448533,49.7219665,538,Sakhalin Oblast,Russia,2020/09/05 09:28:32+00,49.7219665,143.448533,4671,2858,0,1813,,,"Sakhalin Oblast, Russia"
50.8914633,53.2128813,539,Samara Oblast,Russia,2020/09/05 09:28:32+00,53.2128813,50.8914633,8993,7225,135,1633,,,"Samara Oblast, Russia"
46.8631952,51.6520555,540,Saratov Oblast,Russia,2020/09/05 09:28:32+00,51.6520555,46.8631952,12863,8344,80,4439,,,"Saratov Oblast, Russia"
33.0192065,55.0343496,541,Smolensk Oblast,Russia,2020/09/05 09:28:32+00,55.0343496,33.0192065,6239,5438,131,670,,,"Smolensk Oblast, Russia"
43.4406913,44.8632577,542,Stavropol Krai,Russia,2020/09/05 09:28:32+00,44.8632577,43.4406913,12628,8654,250,3724,,,"Stavropol Krai, Russia"
61.8021546,58.6414755,543,Sverdlovsk Oblast,Russia,2020/09/05 09:28:32+00,58.6414755,61.8021546,25910,20244,475,5191,,,"Sverdlovsk Oblast, Russia"
41.3578918,52.9019574,544,Tambov Oblast,Russia,2020/09/05 09:28:32+00,52.9019574,41.3578918,6879,6033,45,801,,,"Tambov Oblast, Russia"
52.4310427300001,55.7648572,545,Tatarstan Republic,Russia,2020/09/05 09:28:32+00,55.7648572,52.43104273,6644,5512,35,1097,,,"Tatarstan Republic, Russia"
82.0475315,58.6124279,546,Tomsk Oblast,Russia,2020/09/05 09:28:32+00,58.6124279,82.0475315,5942,4899,71,972,,,"Tomsk Oblast, Russia"
37.3690909,53.9570701,547,Tula Oblast,Russia,2020/09/05 09:28:32+00,53.9570701,37.3690909,9398,8291,331,776,,,"Tula Oblast, Russia"
35.1744428,57.1134475,548,Tver Oblast,Russia,2020/09/05 09:28:32+00,57.1134475,35.1744428,5524,4271,205,1048,,,"Tver Oblast, Russia"
70.3658837,58.8206488,549,Tyumen Oblast,Russia,2020/09/05 09:28:32+00,58.8206488,70.3658837,8012,7116,31,865,,,"Tyumen Oblast, Russia"
93.8582593,51.4017149,550,Tyva Republic,Russia,2020/09/05 09:28:32+00,51.4017149,93.8582593,6934,6276,65,593,,,"Tyva Republic, Russia"
52.6959832,57.1961165,551,Udmurt Republic,Russia,2020/09/05 09:28:32+00,57.1961165,52.6959832,3392,2788,49,555,,,"Udmurt Republic, Russia"
47.2324921,54.1463177,552,Ulyanovsk Oblast,Russia,2020/09/05 09:28:32+00,54.1463177,47.2324921,12550,10584,111,1855,,,"Ulyanovsk Oblast, Russia"
40.6561633,56.0503336,553,Vladimir Oblast,Russia,2020/09/05 09:28:32+00,56.0503336,40.6561633,6464,5568,197,699,,,"Vladimir Oblast, Russia"
44.2903582,49.6048339,554,Volgograd Oblast,Russia,2020/09/05 09:28:32+00,49.6048339,44.2903582,12607,9531,112,2964,,,"Volgograd Oblast, Russia"
43.1215213,60.0391461,555,Vologda Oblast,Russia,2020/09/05 09:28:32+00,60.0391461,43.1215213,3557,3114,43,400,,,"Vologda Oblast, Russia"
40.1506507,50.9800393,556,Voronezh Oblast,Russia,2020/09/05 09:28:32+00,50.9800393,40.1506507,14645,13558,123,964,,,"Voronezh Oblast, Russia"
74.3415488,67.1471631,557,Yamalo-Nenets Autonomous Okrug,Russia,2020/09/05 09:28:32+00,67.1471631,74.3415488,13640,13054,93,493,,,"Yamalo-Nenets Autonomous Okrug, Russia"
39.0021095,57.7781976,558,Yaroslavl Oblast,Russia,2020/09/05 09:28:32+00,57.7781976,39.0021095,7423,6894,38,491,,,"Yaroslavl Oblast, Russia"
115.956325,52.248521,559,Zabaykalsky Krai,Russia,2020/09/05 09:28:32+00,52.248521,115.956325,4770,4343,59,368,,,"Zabaykalsky Krai, Russia"
29.8739,-1.9403,560,,Rwanda,2020/09/05 09:28:32+00,-1.9403,29.8739,4304,2191,18,2095,,,Rwanda
-62.782998,17.357822,561,,Saint Kitts and Nevis,2020/09/05 09:28:32+00,17.357822,-62.782998,17,17,0,0,,,Saint Kitts and Nevis
-60.9789,13.9094,562,,Saint Lucia,2020/09/05 09:28:32+00,13.9094,-60.9789,26,26,0,0,,,Saint Lucia
-61.2872,12.9843,563,,Saint Vincent and the Grenadines,2020/09/05 09:28:32+00,12.9843,-61.2872,61,57,0,4,,,Saint Vincent and the Grenadines
12.4578,43.9424,564,,San Marino,2020/09/05 09:28:32+00,43.9424,12.4578,735,660,42,33,,,San Marino
6.6131,0.1864,565,,Sao Tome and Principe,2020/09/05 09:28:32+00,0.1864,6.6131,897,859,15,23,,,Sao Tome and Principe
45.079162,23.885942,566,,Saudi Arabia,2020/09/05 09:28:32+00,23.885942,45.079162,319141,295063,4015,20063,,,Saudi Arabia
-14.4524,14.4974,567,,Senegal,2020/09/05 09:28:32+00,14.4974,-14.4524,13881,9723,289,3869,,,Senegal
21.0059,44.0165,568,,Serbia,2020/09/05 09:28:32+00,44.0165,21.0059,31772,0,721,31051,,,Serbia
55.492,-4.6796,569,,Seychelles,2020/09/05 09:28:32+00,-4.6796,55.492,136,127,0,9,,,Seychelles
-11.779889,8.460555,570,,Sierra Leone,2020/09/05 09:28:32+00,8.460555,-11.779889,2041,1602,71,368,,,Sierra Leone
103.8333,1.2833,571,,Singapore,2020/09/05 09:28:32+00,1.2833,103.8333,56982,56174,27,781,,,Singapore
19.699,48.669,572,,Slovakia,2020/09/05 09:28:32+00,48.669,19.699,4526,2797,37,1692,,,Slovakia
14.9955,46.1512,573,,Slovenia,2020/09/05 09:28:32+00,46.1512,14.9955,3122,2483,135,504,,,Slovenia
46.199616,5.152149,574,,Somalia,2020/09/05 09:28:32+00,5.152149,46.199616,3332,2696,97,539,,,Somalia
22.9375,-30.5595,575,,South Africa,2020/09/05 09:28:32+00,-30.5595,22.9375,635078,557818,14678,62582,,,South Africa
31.307,6.877,576,,South Sudan,2020/09/05 09:28:32+00,6.877,31.307,2536,1290,47,1199,,,South Sudan
-4.7278,37.5443,577,Andalusia,Spain,2020/09/05 09:28:32+00,37.5443,-4.7278,33687,10671,1516,21500,,,"Andalusia, Spain"
-0.9057,41.5976,578,Aragon,Spain,2020/09/05 09:28:32+00,41.5976,-0.9057,27493,3772,1212,22509,,,"Aragon, Spain"
-5.8593,43.3614,579,Asturias,Spain,2020/09/05 09:28:32+00,43.3614,-5.8593,3498,1063,335,2100,,,"Asturias, Spain"
2.995148,39.710358,580,Baleares,Spain,2020/09/05 09:28:32+00,39.710358,2.995148,9191,1533,243,7415,,,"Baleares, Spain"
-0.7533,39.484,581,C. Valenciana,Spain,2020/09/05 09:28:32+00,39.484,-0.7533,26710,9970,1478,15262,,,"C. Valenciana, Spain"
-16.6291,28.2916,582,Canarias,Spain,2020/09/05 09:28:32+00,28.2916,-16.6291,8302,1537,179,6586,,,"Canarias, Spain"
-3.9878,43.1828,583,Cantabria,Spain,2020/09/05 09:28:32+00,43.1828,-3.9878,4561,2287,225,2049,,,"Cantabria, Spain"
-3.0977,39.2796,584,Castilla - La Mancha,Spain,2020/09/05 09:28:32+00,39.2796,-3.0977,25737,6392,3048,16297,,,"Castilla - La Mancha, Spain"
-4.3976,41.8357,585,Castilla y Leon,Spain,2020/09/05 09:28:32+00,41.8357,-4.3976,30531,8716,2856,18959,,,"Castilla y Leon, Spain"
1.5209,41.5912,586,Catalonia,Spain,2020/09/05 09:28:32+00,41.5912,1.5209,114987,26203,5761,83023,,,"Catalonia, Spain"
-5.3213,35.8894,587,Ceuta,Spain,2020/09/05 09:28:32+00,35.8894,-5.3213,308,163,5,140,,,"Ceuta, Spain"
-6.0679,39.4937,588,Extremadura,Spain,2020/09/05 09:28:32+00,39.4937,-6.0679,5583,2652,530,2401,,,"Extremadura, Spain"
-8.1339,42.5751,589,Galicia,Spain,2020/09/05 09:28:32+00,42.5751,-8.1339,15480,9204,652,5624,,,"Galicia, Spain"
-2.5396,42.2871,590,La Rioja,Spain,2020/09/05 09:28:32+00,42.2871,-2.5396,6037,3107,374,2556,,,"La Rioja, Spain"
-3.7038,40.4168,591,Madrid,Spain,2020/09/05 09:28:32+00,40.4168,-3.7038,136901,40736,8728,87437,,,"Madrid, Spain"
-2.9381,35.2923,592,Melilla,Spain,2020/09/05 09:28:32+00,35.2923,-2.9381,413,125,3,285,,,"Melilla, Spain"
-1.1307,37.9922,593,Murcia,Spain,2020/09/05 09:28:32+00,37.9922,-1.1307,7017,2180,157,4680,,,"Murcia, Spain"
-1.6761,42.6954,594,Navarra,Spain,2020/09/05 09:28:32+00,42.6954,-1.6761,10547,3905,536,6106,,,"Navarra, Spain"
-2.6189,42.9896,595,Pais Vasco,Spain,2020/09/05 09:28:32+00,42.9896,-2.6189,32006,16160,1580,14266,,,"Pais Vasco, Spain"
,,596,Unknown,Spain,2020/09/05 09:28:32+00,,,0,0,0,0,,,"Unknown, Spain"
80.771797,7.873054,597,,Sri Lanka,2020/09/05 09:28:32+00,7.873054,80.771797,3115,2918,12,185,,,Sri Lanka
30.2176,12.8628,598,,Sudan,2020/09/05 09:28:32+00,12.8628,30.2176,13189,6612,823,5754,,,Sudan
-56.0278,3.9193,599,,Suriname,2020/09/05 09:28:32+00,3.9193,-56.0278,4252,3366,75,811,,,Suriname
15.018,56.2784,600,Blekinge,Sweden,2020/09/05 09:28:32+00,56.2784,15.018,610,0,16,594,,,"Blekinge, Sweden"
14.6664,61.0917,601,Dalarna,Sweden,2020/09/05 09:28:32+00,61.0917,14.6664,2190,0,174,2016,,,"Dalarna, Sweden"
16.1534,61.3012,602,Gavleborg,Sweden,2020/09/05 09:28:32+00,61.3012,16.1534,3218,0,163,3055,,,"Gavleborg, Sweden"
18.4867,57.4684,603,Gotland,Sweden,2020/09/05 09:28:32+00,57.4684,18.4867,318,0,6,312,,,"Gotland, Sweden"
12.8034,56.8967,604,Halland,Sweden,2020/09/05 09:28:32+00,56.8967,12.8034,2216,0,81,2135,,,"Halland, Sweden"
14.9592,63.1712,605,Jamtland Harjedalen,Sweden,2020/09/05 09:28:32+00,63.1712,14.9592,1205,0,64,1141,,,"Jamtland Harjedalen, Sweden"
14.3439,57.3708,606,Jonkoping,Sweden,2020/09/05 09:28:32+00,57.3708,14.3439,4978,0,181,4797,,,"Jonkoping, Sweden"
16.1849,57.235,607,Kalmar,Sweden,2020/09/05 09:28:32+00,57.235,16.1849,890,0,64,826,,,"Kalmar, Sweden"
14.4115,56.7183,608,Kronoberg,Sweden,2020/09/05 09:28:32+00,56.7183,14.4115,1423,0,109,1314,,,"Kronoberg, Sweden"
20.3992,66.8309,609,Norrbotten,Sweden,2020/09/05 09:28:32+00,66.8309,20.3992,1668,0,88,1580,,,"Norrbotten, Sweden"
15.0066,59.535,610,Orebro,Sweden,2020/09/05 09:28:32+00,59.535,15.0066,2710,0,171,2539,,,"Orebro, Sweden"
15.5198,58.3454,611,Ostergotland,Sweden,2020/09/05 09:28:32+00,58.3454,15.5198,3828,0,275,3553,,,"Ostergotland, Sweden"
13.5958,55.9903,612,Skane,Sweden,2020/09/05 09:28:32+00,55.9903,13.5958,4887,0,273,4614,,,"Skane, Sweden"
16.7519,59.0336,613,Sormland,Sweden,2020/09/05 09:28:32+00,59.0336,16.7519,2430,0,253,2177,,,"Sormland, Sweden"
18.1384,59.6025,614,Stockholm,Sweden,2020/09/05 09:28:32+00,59.6025,18.1384,23089,0,2398,20691,,,"Stockholm, Sweden"
17.2715,60.0092,615,Uppsala,Sweden,2020/09/05 09:28:32+00,60.0092,17.2715,3798,0,242,3556,,,"Uppsala, Sweden"
13.2354,59.7294,616,Varmland,Sweden,2020/09/05 09:28:32+00,59.7294,13.2354,1189,0,73,1116,,,"Varmland, Sweden"
16.5162,65.3337,617,Vasterbotten,Sweden,2020/09/05 09:28:32+00,65.3337,16.5162,865,0,31,834,,,"Vasterbotten, Sweden"
17.7292,63.4276,618,Vasternorrland,Sweden,2020/09/05 09:28:32+00,63.4276,17.7292,1856,0,135,1721,,,"Vasternorrland, Sweden"
16.2159,59.6714,619,Vastmanland,Sweden,2020/09/05 09:28:32+00,59.6714,16.2159,2757,0,183,2574,,,"Vastmanland, Sweden"
13.0596,58.2528,620,Vastra Gotaland,Sweden,2020/09/05 09:28:32+00,58.2528,13.0596,18860,0,855,18005,,,"Vastra Gotaland, Sweden"
8.2275,46.8182,621,,Switzerland,2020/09/05 09:28:32+00,46.8182,8.2275,43532,36500,2013,5019,,,Switzerland
38.996815,34.802075,622,,Syria,2020/09/05 09:28:32+00,34.802075,38.996815,3041,698,127,2216,,,Syria
121.0,23.7,623,,Taiwan*,2020/09/05 09:28:32+00,23.7,121,492,471,7,14,,,Taiwan*
71.2761,38.861,624,,Tajikistan,2020/09/05 09:28:32+00,38.861,71.2761,8724,7515,69,1140,,,Tajikistan
34.888822,-6.369028,625,,Tanzania,2020/09/05 09:28:32+00,-6.369028,34.888822,509,183,21,305,,,Tanzania
100.992541,15.870032,626,,Thailand,2020/09/05 09:28:32+00,15.870032,100.992541,3438,3279,58,101,,,Thailand
125.727539,-8.874217,627,,Timor-Leste,2020/09/05 09:28:32+00,-8.874217,125.727539,27,25,0,2,,,Timor-Leste
0.8248,8.6195,628,,Togo,2020/09/05 09:28:32+00,8.6195,0.8248,1457,1079,31,347,,,Togo
-61.2225,10.6918,629,,Trinidad and Tobago,2020/09/05 09:28:32+00,10.6918,-61.2225,2040,707,31,1302,,,Trinidad and Tobago
9.537499,33.886917,630,,Tunisia,2020/09/05 09:28:32+00,33.886917,9.537499,4542,1699,87,2756,,,Tunisia
35.2433,38.9637,631,,Turkey,2020/09/05 09:28:32+00,38.9637,35.2433,276555,249108,6564,20883,,,Turkey
32.290275,1.373333,632,,Uganda,2020/09/05 09:28:32+00,1.373333,32.290275,3353,1564,35,1754,,,Uganda
32.0598,49.4444,633,Cherkasy Oblast,Ukraine,2020/09/05 09:28:32+00,49.4444,32.0598,1849,1032,41,776,,,"Cherkasy Oblast, Ukraine"
31.2893,51.4982,634,Chernihiv Oblast,Ukraine,2020/09/05 09:28:32+00,51.4982,31.2893,2230,607,27,1596,,,"Chernihiv Oblast, Ukraine"
25.9352,48.2917,635,Chernivtsi Oblast,Ukraine,2020/09/05 09:28:32+00,48.2917,25.9352,10958,6546,295,4117,,,"Chernivtsi Oblast, Ukraine"
34.2008,45.2835,636,Crimea Republic*,Ukraine,2020/09/05 09:28:32+00,45.2835,34.2008,2625,1821,33,771,,,"Crimea Republic*, Ukraine"
35.0462,48.4647,637,Dnipropetrovsk Oblast,Ukraine,2020/09/05 09:28:32+00,48.4647,35.0462,2625,1242,57,1326,,,"Dnipropetrovsk Oblast, Ukraine"
37.8028,48.0159,638,Donetsk Oblast,Ukraine,2020/09/05 09:28:32+00,48.0159,37.8028,1591,916,24,651,,,"Donetsk Oblast, Ukraine"
24.7111,48.9226,639,Ivano-Frankivsk Oblast,Ukraine,2020/09/05 09:28:32+00,48.9226,24.7111,10011,3904,235,5872,,,"Ivano-Frankivsk Oblast, Ukraine"
36.2304,49.9935,640,Kharkiv Oblast,Ukraine,2020/09/05 09:28:32+00,49.9935,36.2304,10692,3302,225,7165,,,"Kharkiv Oblast, Ukraine"
32.6169,46.6354,641,Kherson Oblast,Ukraine,2020/09/05 09:28:32+00,46.6354,32.6169,464,299,13,152,,,"Kherson Oblast, Ukraine"
26.9871,49.423,642,Khmelnytskyi Oblast,Ukraine,2020/09/05 09:28:32+00,49.423,26.9871,2979,1479,52,1448,,,"Khmelnytskyi Oblast, Ukraine"
30.5234,50.4501,643,Kiev,Ukraine,2020/09/05 09:28:32+00,50.4501,30.5234,14792,4713,234,9845,,,"Kiev, Ukraine"
30.7667,50.053,644,Kiev Oblast,Ukraine,2020/09/05 09:28:32+00,50.053,30.7667,6105,4019,114,1972,,,"Kiev Oblast, Ukraine"
32.2623,48.5079,645,Kirovohrad Oblast,Ukraine,2020/09/05 09:28:32+00,48.5079,32.2623,846,711,47,88,,,"Kirovohrad Oblast, Ukraine"
39.3078,48.574,646,Luhansk Oblast,Ukraine,2020/09/05 09:28:32+00,48.574,39.3078,415,224,3,188,,,"Luhansk Oblast, Ukraine"
24.0297,49.8397,647,Lviv Oblast,Ukraine,2020/09/05 09:28:32+00,49.8397,24.0297,15507,4731,440,10336,,,"Lviv Oblast, Ukraine"
31.9946,46.975,648,Mykolaiv Oblast,Ukraine,2020/09/05 09:28:32+00,46.975,31.9946,1504,616,36,852,,,"Mykolaiv Oblast, Ukraine"
30.7326,46.4846,649,Odessa Oblast,Ukraine,2020/09/05 09:28:32+00,46.4846,30.7326,8260,2025,122,6113,,,"Odessa Oblast, Ukraine"
34.5514,49.5883,650,Poltava Oblast,Ukraine,2020/09/05 09:28:32+00,49.5883,34.5514,916,562,22,332,,,"Poltava Oblast, Ukraine"
26.2516,50.6199,651,Rivne Oblast,Ukraine,2020/09/05 09:28:32+00,50.6199,26.2516,9634,7007,135,2492,,,"Rivne Oblast, Ukraine"
33.522,44.6054,652,Sevastopol*,Ukraine,2020/09/05 09:28:32+00,44.6054,33.522,554,421,19,114,,,"Sevastopol*, Ukraine"
34.7981,50.9077,653,Sumy Oblast,Ukraine,2020/09/05 09:28:32+00,50.9077,34.7981,1769,803,29,937,,,"Sumy Oblast, Ukraine"
25.5948,49.5535,654,Ternopil Oblast,Ukraine,2020/09/05 09:28:32+00,49.5535,25.5948,7067,3340,82,3645,,,"Ternopil Oblast, Ukraine"
28.4682,49.2331,655,Vinnytsia Oblast,Ukraine,2020/09/05 09:28:32+00,49.2331,28.4682,4324,2982,87,1255,,,"Vinnytsia Oblast, Ukraine"
25.3254,50.7472,656,Volyn Oblast,Ukraine,2020/09/05 09:28:32+00,50.7472,25.3254,5791,4110,127,1554,,,"Volyn Oblast, Ukraine"
22.2879,48.6208,657,Zakarpattia Oblast,Ukraine,2020/09/05 09:28:32+00,48.6208,22.2879,7988,3489,269,4230,,,"Zakarpattia Oblast, Ukraine"
35.1396,47.8388,658,Zaporizhia Oblast,Ukraine,2020/09/05 09:28:32+00,47.8388,35.1396,1848,992,25,831,,,"Zaporizhia Oblast, Ukraine"
28.6587,50.2547,659,Zhytomyr Oblast,Ukraine,2020/09/05 09:28:32+00,50.2547,28.6587,3622,1998,70,1554,,,"Zhytomyr Oblast, Ukraine"
53.847818,23.424076,660,,United Arab Emirates,2020/09/05 09:28:32+00,23.424076,53.847818,72766,63158,387,9221,,,United Arab Emirates
-63.0686,18.2206,661,Anguilla,United Kingdom,2020/09/05 09:28:32+00,18.2206,-63.0686,3,3,0,0,,,"Anguilla, United Kingdom"
-64.7505,32.3078,662,Bermuda,United Kingdom,2020/09/05 09:28:32+00,32.3078,-64.7505,175,158,9,8,,,"Bermuda, United Kingdom"
-64.64,18.4207,663,British Virgin Islands,United Kingdom,2020/09/05 09:28:32+00,18.4207,-64.64,63,10,1,52,,,"British Virgin Islands, United Kingdom"
-81.2546,19.3133,664,Cayman Islands,United Kingdom,2020/09/05 09:28:32+00,19.3133,-81.2546,205,204,1,0,,,"Cayman Islands, United Kingdom"
-2.3644,49.3723,665,Channel Islands,United Kingdom,2020/09/05 09:28:32+00,49.3723,-2.3644,631,575,48,8,,,"Channel Islands, United Kingdom"
-1.1743,52.3555,666,England,United Kingdom,2020/09/05 09:28:32+00,52.3555,-1.1743,295594,0,36881,258713,,,"England, United Kingdom"
-59.5236,-51.7963,667,Falkland Islands (Malvinas),United Kingdom,2020/09/05 09:28:32+00,-51.7963,-59.5236,13,13,0,0,,,"Falkland Islands (Malvinas), United Kingdom"
-5.3536,36.1408,668,Gibraltar,United Kingdom,2020/09/05 09:28:32+00,36.1408,-5.3536,305,248,0,57,,,"Gibraltar, United Kingdom"
-4.5481,54.2361,669,Isle of Man,United Kingdom,2020/09/05 09:28:32+00,54.2361,-4.5481,336,312,24,0,,,"Isle of Man, United Kingdom"
-62.187366,16.742498,670,Montserrat,United Kingdom,2020/09/05 09:28:32+00,16.742498,-62.187366,13,12,1,0,,,"Montserrat, United Kingdom"
-6.4923,54.7877,671,Northern Ireland,United Kingdom,2020/09/05 09:28:32+00,54.7877,-6.4923,7503,0,564,6939,,,"Northern Ireland, United Kingdom"
-4.2026,56.4907,672,Scotland,United Kingdom,2020/09/05 09:28:32+00,56.4907,-4.2026,21048,0,2496,18552,,,"Scotland, United Kingdom"
-71.7979,21.694,673,Turks and Caicos Islands,United Kingdom,2020/09/05 09:28:32+00,21.694,-71.7979,591,221,5,365,,,"Turks and Caicos Islands, United Kingdom"
,,674,Unknown,United Kingdom,2020/09/05 09:28:32+00,,,0,0,0,0,,,"Unknown, United Kingdom"
-3.7837,52.1307,675,Wales,United Kingdom,2020/09/05 09:28:32+00,52.1307,-3.7837,18206,0,1596,16610,,,"Wales, United Kingdom"
-55.7658,-32.5228,676,,Uruguay,2020/09/05 09:28:32+00,-32.5228,-55.7658,1653,1446,45,162,,,Uruguay
64.585262,41.377491,677,,Uzbekistan,2020/09/05 09:28:32+00,41.377491,64.585262,42998,40392,338,2268,,,Uzbekistan
-66.5897,6.4238,678,,Venezuela,2020/09/05 09:28:32+00,6.4238,-66.5897,50973,41249,412,9312,,,Venezuela
108.277199,14.058324,679,,Vietnam,2020/09/05 09:28:32+00,14.058324,108.277199,1049,786,35,228,,,Vietnam
35.2332,31.9522,680,,West Bank and Gaza,2020/09/05 09:28:32+00,31.9522,35.2332,25142,16437,170,8535,,,West Bank and Gaza
-12.8858,24.2155,681,,Western Sahara,2020/09/05 09:28:32+00,24.2155,-12.8858,10,8,1,1,,,Western Sahara
48.516388,15.552727,682,,Yemen,2020/09/05 09:28:32+00,15.552727,48.516388,1983,1194,572,217,,,Yemen
27.849332,-13.133897,683,,Zambia,2020/09/05 09:28:32+00,-13.133897,27.849332,12639,11572,292,775,,,Zambia
29.154857,-19.015438,684,,Zimbabwe,2020/09/05 09:28:32+00,-19.015438,29.154857,6837,5345,206,1286,,,Zimbabwe
-89.678696,32.741646,685,Mississippi,US,2020/09/05 09:28:32+00,32.741646,-89.678696,85939,0,2558,83381,,28,"Mississippi, US"
-122.665479,37.64894,686,Grand Princess,US,2020/08/04 02:27:56+00,37.64894,-122.665479,103,0,3,100,,,"Grand Princess, US"
-96.928917,35.565342,687,Oklahoma,US,2020/09/05 09:28:32+00,35.565342,-96.928917,62040,0,846,61194,,40,"Oklahoma, US"
-75.507141,39.318523,688,Delaware,US,2020/09/05 09:28:32+00,39.318523,-75.507141,17752,0,606,17146,,10,"Delaware, US"
-93.900192,45.694454,689,Minnesota,US,2020/09/05 09:28:32+00,45.694454,-93.900192,78966,0,1899,77067,,27,"Minnesota, US"
-88.986137,40.349457,690,Illinois,US,2020/09/05 09:28:32+00,40.349457,-88.986137,247298,0,8362,238936,,17,"Illinois, US"
-92.373123,34.969704,691,Arkansas,US,2020/09/05 09:28:32+00,34.969704,-92.373123,64175,0,873,63302,,05,"Arkansas, US"
-106.248482,34.840515,692,New Mexico,US,2020/09/05 09:28:32+00,34.840515,-106.248482,25902,0,794,25108,,35,"New Mexico, US"
-86.258278,39.849426,693,Indiana,US,2020/09/05 09:28:32+00,39.849426,-86.258278,97884,0,3350,94534,,18,"Indiana, US"
-91.867805,31.169546,694,Louisiana,US,2020/09/05 09:28:32+00,31.169546,-91.867805,151473,0,5035,146438,,22,"Louisiana, US"
-97.563461,31.054487,695,Texas,US,2020/09/05 09:28:32+00,31.054487,-97.563461,651350,0,13426,637924,,48,"Texas, US"
-89.616508,44.268543,696,Wisconsin,US,2020/09/05 09:28:32+00,44.268543,-89.616508,79354,0,1153,78201,,55,"Wisconsin, US"
-96.726486,38.5266,697,Kansas,US,2020/09/05 09:28:32+00,38.5266,-96.726486,45365,0,478,44887,,20,"Kansas, US"
0.0,0.0,698,Recovered,US,2020/09/05 09:28:32+00,0,0,0,2283454,0,-2283454,,,"Recovered, US"
-170.132,-14.271,699,American Samoa,US,1970/01/01 00:00:00+00,-14.271,-170.132,0,0,0,0,,,"American Samoa, US"
-72.755371,41.597782,700,Connecticut,US,2020/09/05 09:28:32+00,41.597782,-72.755371,53365,0,4468,48897,,09,"Connecticut, US"
-64.8963,18.3358,701,Virgin Islands,US,2020/09/05 09:28:32+00,18.3358,-64.8963,1167,0,16,1151,,,"Virgin Islands, US"
-119.681564,36.116203,702,California,US,2020/09/05 09:28:32+00,36.116203,-119.681564,731831,0,13648,718183,,06,"California, US"
-66.5901,18.2208,703,Puerto Rico,US,2020/09/05 09:28:32+00,18.2208,-66.5901,34241,0,455,33786,,72,"Puerto Rico, US"
-83.643074,33.040619,704,Georgia,US,2020/09/05 09:28:32+00,33.040619,-83.643074,279354,0,5931,273423,,13,"Georgia, US"
-99.784012,47.528912,705,North Dakota,US,2020/09/05 09:28:32+00,47.528912,-99.784012,13309,0,153,13179,,38,"North Dakota, US"
-77.209755,40.590752,706,Pennsylvania,US,2020/09/05 09:28:32+00,40.590752,-77.209755,142495,0,7735,134760,,42,"Pennsylvania, US"
-80.954453,38.491226,707,West Virginia,US,2020/09/05 09:28:32+00,38.491226,-80.954453,11042,0,245,10797,,54,"West Virginia, US"
-152.404419,61.370716,708,Alaska,US,2020/09/05 09:28:32+00,61.370716,-152.404419,5584,0,40,5544,,02,"Alaska, US"
-86.692345,35.747845,709,Tennessee,US,2020/09/05 09:28:32+00,35.747845,-86.692345,160597,0,1837,158760,,47,"Tennessee, US"
-64.933,18.35,710,United States Virgin Islands,US,1970/01/01 00:00:00+00,18.35,-64.933,0,0,0,0,,,"United States Virgin Islands, US"
-92.288368,38.456085,711,Missouri,US,2020/09/05 09:28:32+00,38.456085,-92.288368,91228,0,1607,89621,,29,"Missouri, US"
-99.438828,44.299782,712,South Dakota,US,2020/09/05 09:28:32+00,44.299782,-99.438828,14596,0,170,14426,,46,"South Dakota, US"
-105.311104,39.059811,713,Colorado,US,2020/09/05 09:28:32+00,39.059811,-105.311104,58267,0,1955,56312,,08,"Colorado, US"
-74.521011,40.298904,714,New Jersey,US,2020/09/05 09:28:32+00,40.298904,-74.521011,193422,0,15978,177444,,34,"New Jersey, US"
144.7937,13.4443,715,Guam,US,2020/09/05 09:28:32+00,13.4443,144.7937,1619,0,14,1605,,,"Guam, US"
-121.490494,47.400902,716,Washington,US,2020/09/05 09:28:32+00,47.400902,-121.490494,76335,0,1953,74382,,53,"Washington, US"
-74.948051,42.165726,717,New York,US,2020/09/05 09:28:32+00,42.165726,-74.948051,437971,0,32982,404989,,36,"New York, US"
-117.055374,38.313515,718,Nevada,US,2020/09/05 09:28:32+00,38.313515,-117.055374,70712,0,1375,69337,,32,"Nevada, US"
145.6739,15.0979,719,Northern Mariana Islands,US,2020/09/05 09:28:32+00,15.0979,145.6739,58,0,2,56,,,"Northern Mariana Islands, US"
139.638,35.4437,720,Diamond Princess,US,2020/08/04 02:27:56+00,35.4437,139.638,49,0,0,49,,,"Diamond Princess, US"
-76.802101,39.063946,721,Maryland,US,2020/09/05 09:28:32+00,39.063946,-76.802101,110831,0,3789,107042,,24,"Maryland, US"
-114.478828,44.240459,722,Idaho,US,2020/09/05 09:28:32+00,44.240459,-114.478828,33193,0,382,32811,,16,"Idaho, US"
-107.30249,42.755966,723,Wyoming,US,2020/09/05 09:28:32+00,42.755966,-107.30249,3990,0,42,3948,,56,"Wyoming, US"
-111.431221,33.729759,724,Arizona,US,2020/09/05 09:28:32+00,33.729759,-111.431221,204681,0,5171,199510,,04,"Arizona, US"
-93.210526,42.011539,725,Iowa,US,2020/09/05 09:28:32+00,42.011539,-93.210526,68783,0,1158,67598,,19,"Iowa, US"
-84.536095,43.326618,726,Michigan,US,2020/09/05 09:28:32+00,43.326618,-84.536095,116295,0,6798,109497,,26,"Michigan, US"
-111.862434,40.150032,727,Utah,US,2020/09/05 09:28:32+00,40.150032,-111.862434,53839,0,419,53420,,49,"Utah, US"
-78.169968,37.769337,728,Virginia,US,2020/09/05 09:28:32+00,37.769337,-78.169968,124738,0,2662,122076,,51,"Virginia, US"
-122.070938,44.572021,729,Oregon,US,2020/09/05 09:28:32+00,44.572021,-122.070938,27601,0,475,27126,,41,"Oregon, US"
-110.454353,46.921925,730,Montana,US,2020/09/05 09:28:32+00,46.921925,-110.454353,8019,0,114,7905,,30,"Montana, US"
-71.563896,43.452492,731,New Hampshire,US,2020/09/05 09:28:32+00,43.452492,-71.563896,7368,0,432,6936,,33,"New Hampshire, US"
-71.530106,42.230171,732,Massachusetts,US,2020/09/05 09:28:32+00,42.230171,-71.530106,121758,0,9100,112658,,25,"Massachusetts, US"
-80.945007,33.856892,733,South Carolina,US,2020/09/05 09:28:32+00,33.856892,-80.945007,123325,0,2846,120479,,45,"South Carolina, US"
-72.710686,44.045876,734,Vermont,US,2020/09/05 09:28:32+00,44.045876,-72.710686,1642,0,58,1584,,50,"Vermont, US"
-81.686783,27.766279,735,Florida,US,2020/09/05 09:28:32+00,27.766279,-81.686783,640211,0,11750,628461,,12,"Florida, US"
-157.498337,21.094318,736,Hawaii,US,2020/09/05 09:28:32+00,21.094318,-157.498337,9473,0,81,9392,,15,"Hawaii, US"
-84.670067,37.66814,737,Kentucky,US,2020/09/05 09:28:32+00,37.66814,-84.670067,51677,0,987,50690,,21,"Kentucky, US"
-71.51178,41.680893,738,Rhode Island,US,2020/09/05 09:28:32+00,41.680893,-71.51178,22243,0,1055,21188,,44,"Rhode Island, US"
-98.268082,41.12537,739,Nebraska,US,2020/09/05 09:28:32+00,41.12537,-98.268082,35661,0,404,35257,,31,"Nebraska, US"
-82.764915,40.388783,740,Ohio,US,2020/09/05 09:28:32+00,40.388783,-82.764915,128444,0,4248,124196,,39,"Ohio, US"
-86.9023,32.3182,741,Alabama,US,2020/09/05 09:28:32+00,32.3182,-86.9023,130393,0,2266,128127,,01,"Alabama, US"
-79.806419,35.630066,742,North Carolina,US,2020/09/05 09:28:32+00,35.630066,-79.806419,174253,0,2839,171414,,37,"North Carolina, US"
-77.026817,38.897438,743,District of Columbia,US,2020/09/05 09:28:32+00,38.897438,-77.026817,14186,0,611,13575,,11,"District of Columbia, US"
-69.381927,44.693947,744,Maine,US,2020/09/05 09:28:32+00,44.693947,-69.381927,4633,0,134,4499,,23,"Maine, US"
